"Countries","1949","1950","1951","1952","1953","1954","1955","1956","1957","1958","1959","1960","1961","1962","1963","1964","1965","1966","1967","1968","1969","1970","1971","1972","1973","1974","1975","1976","1977","1978","1979","1980","1981","1982","1983","1984","1985","1986","1987","1988","1989","1990","1991","1992","1993","1994","1995","1996","1997","1998","1999","2000","2001","2002","2003","2004","2005","2006","2007","2008","2009","2010","2011","2012","2013","2014","2015","2016"
"China",1,NA,NA,NA,NA,NA,NA,NA,NA,NA,NA,NA,NA,0.0625,0,NA,NA,NA,0,NA,NA,NA,NA,NA,NA,NA,NA,NA,NA,NA,0.0235294117647059,0,NA,NA,NA,NA,NA,NA,0,0.0122471446263933,0.0104832977967306,0.0077639751552795,0,0.00171526586620926,0.00805277135269425,0.00914642887863062,0.00851310825191061,0.0126582278481013,0.0246389124893798,0,0,0.00162513542795233,0,NA,0.00448430493273543,0.00409836065573771,0.00408163265306122,0.0124223602484472,0,0,0,0,0,0,0.0188679245283019,0,0,0
"Thailand",0.125,NA,0,NA,NA,NA,NA,NA,NA,0.139790216645427,0.140338827838828,NA,NA,NA,0.0699551569506726,0.03125,0.0615384615384615,0.0523690773067332,0.0405405405405405,0.051980198019802,0.0416233090530697,NA,NA,NA,0.0390995260663507,0.0433898305084746,0.0659176029962547,0,0.0130548302872063,0.029404733444896,0.0246085011185682,0.019625952435927,0.0512820512820513,0.0250783699059561,0.0273881095524382,0.0294573643410853,0.0155728587319244,0.00469483568075117,0.00566661419801669,0.0119953188999415,NA,NA,NA,NA,NA,0.00143389733295096,NA,NA,NA,NA,NA,NA,NA,NA,NA,NA,NA,0,0.00490196078431373,0.00688073394495413,0.00634920634920635,0.00759878419452888,0.014336917562724,0,0,0,0.008,0.0192307692307692
"Bangladesh",NA,0.434331913180583,0.592131712453336,0.609057388673537,0.611776627700771,0.604661586732407,0.588991707727437,0.646018819359467,0.637447231189471,0.647367410914209,0.653621046408513,0.4015879113843,0.639504318437852,0.516640253565769,0.313962264150943,0.725772577257726,0.608192341941229,0.391249207355739,0.555722891566265,0.194550063371356,0.209958170287411,0.254616525138159,0.164816396242528,0.189801699716714,0.187404773996953,0.03081581759886,0.023936170212766,0.06478578892372,0.0340286455830049,0.0145265423242468,0.00974930362116992,NA,NA,NA,NA,NA,NA,NA,0.0439770554493308,0.0753064798598949,0.0212765957446809,0.0487804878048781,0,0.0605427974947808,0,0.0729537366548043,0.0265563778841968,0,0.0484941296579888,0.0243673851921275,0.0183139534883721,0.0156709108716944,NA,NA,NA,NA,NA,NA,NA,NA,NA,NA,NA,NA,NA,NA,NA,NA
"Cambodia",NA,0.1,0.701754385964912,0.416666666666667,0.727272727272727,1,NA,1,0.166666666666667,0,NA,NA,NA,NA,0.25,0.144385026737968,NA,0.0806451612903226,0,0.125,NA,NA,NA,NA,0.0880503144654088,0.00689655172413793,0,NA,NA,NA,NA,NA,NA,NA,NA,NA,NA,NA,0.116033755274262,0,0.0425531914893617,0,0.125974025974026,0.0976403580146461,0.0461811722912966,0.0683954619124797,0.0293556085918854,0.027027027027027,0,0.0551378446115288,0.075978959672706,NA,NA,NA,NA,0.0175438596491228,NA,NA,NA,NA,0,0.00170068027210884,NA,NA,NA,NA,NA,NA
"India",NA,0.6336,0.478677682141335,0.573950912870838,0.582609919099543,0.874559739907884,0.325585348234394,0.431996786261267,0.904550499445061,0.745231791051474,0.518179369781848,0,0.56565274891366,0.531322187854822,0.364794040901893,0.321348399388806,0.296740633127914,0.214449892736745,0,0,0,0.226986128625473,0.14677948057042,0.13922192317103,0.129917569873351,0.0740704785943112,0.105673726699624,0.0442927873678576,0.0345033428844317,0.0232404345772319,0.0222747880938301,0.0367929050814957,0.0320444349497971,0.0457474226804124,0.0361741980800749,0.0106846062524733,0.0266873278236915,0.0166349809885932,0.0201106083459025,0.0221419414986598,0.0164893617021277,0.0231649455763327,0.0213070213070213,0.0079583273042975,0.00422045680238332,0.0064347476372411,0.00150829562594268,0.00773430391264786,0.00578034682080925,0.00153824639910502,0.00156290700703308,0.00493461633358006,0.00147022788532222,0.00289435600578871,0.000691323885240235,0.00149094781682641,0.00190174326465927,0.00154718927282104,0.00113851992409867,0.000373134328358209,NA,0.0017458777885548,NA,NA,0.00898801597869507,0.00520962540312578,0.00449943757030371,0.00356718192627824
"Myanmar",NA,0.661206077872745,0.693765733747964,0.706051873198847,0.409090909090909,0.542857142857143,0.285714285714286,0.461538461538462,0.3,0.428571428571429,0.666666666666667,0.772200772200772,0,0,0.259357403113614,0.185466377440347,0.0386473429951691,0.064638783269962,0,0,0.165853658536585,0.0834248079034029,0.111111111111111,0.0388888888888889,0.0621761658031088,0.0859077443927211,0.0584636301835486,0.113890717577354,NA,0.104759222754154,0.085812356979405,0.0491159135559921,0.107142857142857,NA,0.0293225480283114,NA,NA,NA,NA,NA,0.0184254606365159,NA,0.0422077922077922,0.0605326876513317,0.0295790671217292,0.00950118764845606,0.00462962962962963,NA,NA,NA,NA,NA,NA,NA,NA,NA,NA,NA,NA,0.0222222222222222,NA,NA,0,0,0,0,0.116504854368932,0.0140664961636829
"Viet Nam",NA,0.444444444444444,0.807692307692308,0.857142857142857,1,1,NA,NA,NA,NA,NA,NA,NA,NA,NA,0.0431982562171802,0.0166858457997698,0.0199928169519933,0.00926409185803758,0.0072926162260711,0.0101049358725223,0.0121951219512195,0.0037037037037037,0.00684931506849315,0.0120401337792642,0.0143884892086331,0,0,0,0,0.0767123287671233,0.0501022494887526,0.0509554140127389,0,0,0,0.0179282868525896,0.0152380952380952,0.0231481481481481,0.0204081632653061,0,0.0111731843575419,0.0192307692307692,0.0258215962441315,0.00267777447188337,0.0117728531855956,0.0073915900131406,0.00353356890459364,0,0.0769230769230769,0,NA,NA,NA,NA,NA,NA,NA,0,0,0.00212314225053079,0,0,NA,NA,NA,NA,NA
"Lao People's Democratic Republic",NA,NA,NA,NA,0.580645161290323,NA,NA,NA,NA,NA,NA,NA,NA,NA,NA,NA,NA,NA,NA,NA,0.046875,NA,NA,NA,NA,NA,NA,NA,NA,NA,NA,NA,NA,NA,NA,NA,NA,NA,NA,NA,NA,NA,NA,NA,0.0461872849121536,0.0627329192546584,0.127472527472527,0.0458333333333333,NA,NA,NA,NA,NA,NA,NA,NA,NA,NA,0.0177514792899408,0,NA,0.0168776371308017,NA,NA,NA,NA,NA,NA
"Singapore",NA,NA,NA,NA,NA,NA,NA,NA,NA,NA,NA,NA,NA,NA,0.0740740740740741,0.125,NA,NA,NA,0,0.363636363636364,NA,NA,0.0263157894736842,0,0,0,NA,0,0,0,0,0,0,0,0.2,0.037037037037037,0,0,0,0,0,0.0588235294117647,0,0,0.024390243902439,0,0.0526315789473684,0,0.0645161290322581,0,0,0,0,0,0.0909090909090909,NA,NA,NA,NA,NA,NA,0,0,0,0,NA,NA
"Malaysia",NA,NA,NA,NA,NA,0,NA,NA,NA,NA,NA,NA,NA,NA,0.0687679083094556,0.279296875,0.0625,0,NA,0.2,0,0.0283018867924528,0.0188679245283019,0.0127314814814815,0.046070460704607,0,0.0727272727272727,0.016260162601626,0.027027027027027,0.0391437308868502,0.0199203187250996,0.0721649484536082,0.0298507462686567,0.0329457364341085,0.0173120728929385,0.0149253731343284,0.0384615384615385,0.0363636363636364,0.0154109589041096,0.0241691842900302,0.0356234096692112,0.018348623853211,0.0118577075098814,0.0168776371308017,0.0130653266331658,0,0.0122227252150294,0,0.0102827763496144,0.0145705521472393,0,0.00806451612903226,0.0197486535008977,NA,NA,0,NA,0.00843881856540084,NA,NA,0.0053475935828877,0.0135440180586907,0.0170648464163823,0.00354609929078014,0.00584795321637427,0.00746268656716418,0.00819672131147541,NA
"Brunei Darussalam",NA,NA,NA,NA,NA,NA,0,NA,NA,NA,NA,NA,NA,NA,NA,NA,0.0303030303030303,NA,NA,NA,NA,0,NA,NA,NA,NA,NA,NA,NA,NA,NA,NA,NA,0,NA,NA,NA,NA,NA,NA,NA,NA,NA,NA,NA,NA,NA,NA,NA,NA,0,NA,NA,NA,NA,NA,NA,NA,NA,NA,NA,NA,0,NA,NA,NA,NA,NA
"Bhutan",NA,NA,NA,NA,NA,NA,NA,NA,NA,NA,NA,NA,NA,NA,NA,NA,NA,NA,NA,NA,NA,NA,NA,NA,NA,NA,NA,NA,NA,NA,NA,NA,NA,NA,NA,NA,NA,NA,NA,NA,NA,NA,0.0450236966824645,0.0121457489878543,NA,NA,0,NA,NA,0,NA,NA,NA,NA,NA,NA,NA,NA,NA,NA,NA,NA,NA,NA,NA,NA,NA,NA
"Nepal",NA,NA,NA,NA,NA,NA,NA,NA,NA,0.141906873614191,NA,NA,NA,NA,NA,NA,0.133425034387895,0,NA,0.5,0.0265486725663717,0.00255754475703325,0,0,0,0,0,0.00540540540540541,0.00934579439252336,0.00601684717208183,0,0,0,NA,NA,NA,NA,NA,NA,NA,0.0141843971631206,0.0207217012726055,0.0284847298355521,0.018796992481203,0,0,0,0.00364963503649635,0,0.00974212034383954,NA,NA,NA,NA,NA,NA,NA,NA,0,NA,0,0.00502793296089385,0,0,NA,0.00214362272240086,0,0
"Pakistan",NA,NA,NA,NA,NA,NA,NA,NA,NA,0.234972677595628,NA,0.165125298329356,NA,NA,NA,NA,0.0476190476190476,NA,NA,0.0139877924720244,0.0237099023709902,0,0.0362869198312236,NA,NA,NA,NA,0,0.0833333333333333,NA,NA,NA,0,NA,NA,NA,NA,NA,NA,NA,NA,NA,NA,NA,0.0170360568971221,NA,NA,NA,NA,NA,NA,NA,NA,NA,NA,NA,NA,NA,NA,NA,NA,0,0.415559772296015,0.0555555555555556,0.0215154349859682,0.00492610837438424,NA,NA
"Afghanistan",NA,NA,NA,NA,NA,NA,NA,NA,NA,NA,NA,0.22435174746336,NA,NA,NA,NA,0.252293577981651,NA,NA,NA,NA,NA,NA,NA,NA,NA,NA,NA,NA,NA,NA,NA,NA,NA,NA,NA,NA,NA,NA,NA,NA,NA,NA,NA,0.0251309183177671,0.00304634051891055,0.031352057478772,NA,0.0299760191846523,0,0.00616908153740006,0.0457274826789838,0.0253389642142698,0,0.170731707317073,NA,0,NA,NA,0.00501824817518248,0.0166163141993958,0.00422119037568594,0.011786766675596,0,0.00353803386403841,8.7948813790374e-05,0.000137779002480022,0.00738552437223043
"Indonesia",NA,NA,NA,NA,NA,NA,NA,NA,NA,NA,NA,0.536585365853659,0.272101033295063,0.186915887850467,0.155140186915888,0.211656441717791,NA,0.176470588235294,0.198571428571429,0.162962962962963,0.41786283891547,0.209604802401201,0.153130970070049,0.156726674627673,0.0587602321202106,0.0945170468245166,0.0767768202203071,0.0645841411399767,0.0455820476858345,0.0474585790508284,0.0408673008449806,0.0270709258256632,0.0252261087501362,0.0514868636319892,0.0250144592249855,0.00744855447544502,0.0179628064243449,0.0328157784305497,0.0273141122913505,0,0,0,0.00886810706223799,0,0.00701459034792368,0,NA,0,0,NA,NA,NA,0.0106951871657754,NA,NA,NA,0.0142002989536622,NA,NA,0.0268123138033764,NA,NA,NA,NA,NA,NA,NA,NA
"Philippines",NA,NA,NA,NA,NA,NA,NA,NA,NA,NA,NA,NA,0.141590244885619,0.129235497502881,0.108821311887409,0.092201166180758,0.0977952412137088,0.0518912754229234,0.0319214241866176,0.0319339791890922,0.0687865022712524,0.034703196347032,0.0304044630404463,0.013926084627745,0.157394366197183,0.0190751445086705,0.0220588235294118,0.127186009538951,0.132061628760088,0.0866477272727273,0.321766561514196,0.0729665071770335,0.0590277777777778,0.0333333333333333,NA,NA,0.1,NA,NA,NA,NA,NA,NA,0,0.0141242937853107,0.00808383233532934,0.00472255017709563,0.00998573466476462,0,0.0233196159122085,0,0.0218181818181818,0,NA,NA,0.00562851782363977,0.0143884892086331,0.0151515151515152,NA,NA,NA,0.0606060606060606,0.025,0.00751072961373391,0,0.00175940180338685,NA,0
"Papua New Guinea",NA,NA,NA,NA,NA,NA,NA,NA,NA,NA,NA,NA,NA,0.358855375096674,NA,NA,NA,NA,NA,NA,NA,NA,NA,NA,NA,NA,NA,NA,NA,NA,NA,NA,NA,NA,NA,NA,NA,NA,NA,NA,NA,NA,NA,NA,NA,NA,NA,NA,NA,NA,NA,NA,NA,NA,NA,NA,NA,NA,NA,NA,0.0229943791517629,0.0105590752473047,0.00130293159609121,NA,NA,NA,NA,NA
"Japan",NA,NA,NA,NA,NA,NA,NA,NA,NA,NA,NA,NA,NA,NA,0,0.5,NA,NA,NA,NA,0,0,NA,NA,NA,NA,0,0,0.0192307692307692,0.0294117647058824,0,0,0,0,0,0,0,0,0,0,0,0,0.0111111111111111,0,0,0,0.00311526479750779,0,0,0,0,0,0,0,0,0,0,0,NA,NA,NA,NA,0,0,0,0,0,0
"Republic of Korea",NA,NA,NA,NA,NA,NA,NA,NA,NA,NA,NA,NA,NA,NA,0.091566265060241,0.0909090909090909,NA,NA,NA,NA,0.0890767230169051,0.0484210526315789,NA,NA,NA,NA,NA,NA,NA,NA,NA,0.0275862068965517,NA,NA,NA,NA,NA,NA,NA,NA,NA,NA,0.0353982300884956,0,0,0,0,NA,0,NA,NA,NA,0,NA,NA,0,NA,NA,NA,NA,NA,0,0,NA,0,NA,NA,0
"Bahrain",NA,NA,NA,NA,NA,NA,NA,NA,NA,NA,NA,NA,NA,NA,NA,NA,0,NA,NA,NA,NA,NA,NA,0.0540540540540541,0,NA,NA,NA,NA,0.0022075055187638,0,NA,NA,NA,NA,NA,NA,NA,NA,NA,NA,NA,NA,NA,NA,NA,NA,NA,NA,NA,NA,NA,NA,NA,NA,NA,NA,NA,NA,NA,NA,NA,NA,NA,NA,NA,0,NA
"Iran (Islamic Republic of)",NA,NA,NA,NA,NA,NA,NA,NA,NA,NA,NA,NA,NA,NA,NA,NA,0,0,0,NA,0,0,0,0,0,0,0,0,0,0,0.0301724137931034,0.0200125078173859,0.0178985747431223,0,0,0.00941619585687382,0.00745033112582781,0.05,0.0135593220338983,0.0308641975308642,0.0162772883952509,0.0168539325842697,0.0169133192389006,0.0412371134020619,0.00371195248700817,0,0.0271015158474966,NA,0.0081374321880651,0.0037037037037037,0.0153396639883126,0.00869565217391304,0,0,0,0.0106382978723404,0.00970873786407767,NA,0,0.0555555555555556,NA,NA,0.0101095197978096,0,0.02734375,NA,0.0116279069767442,NA
"Iraq",NA,NA,NA,NA,NA,NA,NA,NA,NA,NA,NA,NA,NA,NA,NA,NA,NA,0.0881057268722467,NA,NA,NA,NA,NA,NA,NA,NA,NA,NA,0.0075187969924812,0,NA,NA,NA,NA,NA,NA,NA,NA,NA,NA,NA,NA,0.00684150513112885,0,0,0,0.00365853658536585,0,NA,0.0188679245283019,0.0151133501259446,0.0075187969924812,0,0,0,0,NA,NA,0.00510964445390675,0.0118918918918919,0,0,NA,0.000852333262305561,0,NA,0.00040281973816717,NA
"Australia",NA,NA,NA,NA,NA,NA,NA,NA,NA,NA,NA,NA,NA,NA,NA,NA,NA,NA,NA,NA,NA,NA,NA,0,NA,NA,NA,NA,0,0,0,0,0,0,0,0,0,NA,0,0,NA,NA,NA,0,0,0,0,0,0,0,0,0,0,0,NA,0,0,0,0,NA,NA,0,0,0,0,0,0,0
"Benin",NA,NA,NA,NA,NA,NA,NA,NA,NA,NA,NA,NA,NA,NA,NA,NA,NA,NA,NA,NA,NA,0.211428571428571,0.128457571495546,0.116,0.666666666666667,0.0547945205479452,0.0222222222222222,0.0958904109589041,0,0,NA,0,0,0,0,0,NA,0.0534979423868313,NA,NA,NA,NA,0.0346534653465347,0.0411622276029056,0.2,0.106951871657754,0.0591133004926108,0.032794830371567,0.0201005025125628,0.00485436893203883,0.0292397660818713,0.0235042735042735,0.0180065939639868,0.0481481481481481,0.0253456221198157,0.014018691588785,0.0146862483311081,0.010989010989011,NA,0.0050761421319797,0.0135135135135135,0.0081383519837233,0.00529801324503311,0.0048,0.0113636363636364,0.0144230769230769,NA,0.0170827858081472
"Burkina Faso",NA,NA,NA,NA,NA,NA,NA,NA,NA,NA,NA,NA,NA,NA,NA,NA,NA,NA,NA,NA,NA,1,0.281090289608177,0,0.222719141323792,0.104430379746835,1,NA,NA,0,NA,NA,NA,NA,NA,0.0534002738475582,0.135770234986945,NA,NA,NA,NA,NA,0.113594040968343,NA,NA,NA,0.0778773259820813,0.136470588235294,NA,0.0501930501930502,0.0752688172043011,0.0226904376012966,0.0146750524109015,NA,0,NA,0.0152380952380952,NA,NA,NA,NA,NA,0.1,0.048951048951049,NA,NA,NA,NA
"Cote d'Ivoire",NA,NA,NA,NA,NA,NA,NA,NA,NA,NA,NA,NA,NA,NA,NA,NA,NA,NA,NA,NA,NA,0.0449308755760369,0.0134730538922156,NA,NA,NA,NA,NA,NA,NA,0,NA,NA,0,NA,NA,NA,NA,NA,NA,NA,NA,0.19205298013245,0.189189189189189,0.0580110497237569,0.0496389891696751,0.0368515922291208,0.0163568773234201,NA,NA,NA,NA,0.0515899864682003,0.03414517669532,0.0483558994197292,0.0857142857142857,0.153846153846154,0.036231884057971,0.125,0.142857142857143,0.4,0,0.0190325138778747,0.044811320754717,0.0357142857142857,0.051063829787234,0.0301507537688442,NA
"Czechia",NA,NA,NA,NA,NA,NA,NA,NA,NA,NA,NA,NA,NA,NA,NA,NA,NA,NA,NA,NA,NA,0.25,NA,NA,NA,NA,NA,NA,NA,NA,NA,NA,NA,NA,NA,NA,NA,NA,NA,NA,NA,NA,NA,NA,NA,NA,NA,NA,NA,NA,NA,NA,NA,0,NA,NA,NA,NA,NA,NA,NA,NA,NA,NA,NA,NA,NA,NA
"Djibouti",NA,NA,NA,NA,NA,NA,NA,NA,NA,NA,NA,NA,NA,NA,NA,NA,NA,NA,NA,NA,NA,0.5,0.184090909090909,0.375,NA,NA,NA,0,0,0.666666666666667,NA,NA,NA,NA,NA,NA,0.0608695652173913,NA,NA,NA,NA,NA,NA,NA,0.00984584783689707,0.0133689839572193,NA,NA,0.0206270627062706,0.0182926829268293,NA,0.0175054704595186,NA,NA,NA,NA,NA,NA,0.0248390064397424,NA,NA,0.0092818759159746,0.0078740157480315,NA,NA,NA,NA,NA
"Ethiopia",NA,NA,NA,NA,NA,NA,NA,NA,NA,NA,NA,NA,NA,NA,NA,NA,NA,NA,NA,NA,NA,0.0847058823529412,0.0566986739826246,NA,NA,NA,NA,NA,NA,NA,NA,NA,NA,NA,NA,NA,NA,NA,NA,NA,NA,NA,NA,NA,NA,NA,NA,NA,NA,NA,NA,NA,NA,NA,NA,0,NA,0.0106343628629554,0.0112764810745823,0.00595546349041947,0.0137738423942366,0.0124851367419738,NA,NA,NA,NA,NA,NA
"France",NA,NA,NA,NA,NA,NA,NA,NA,NA,NA,NA,NA,NA,NA,NA,NA,NA,NA,NA,NA,NA,0,0,NA,0,0,0,0,NA,NA,0,0,0,0,0,0,NA,0,0,NA,0,0.166666666666667,0,NA,0,0,0,0,0,0,NA,0,0,0,NA,NA,NA,0,0,0,0,NA,0,NA,NA,0,0,NA
"Ghana",NA,NA,NA,NA,NA,NA,NA,NA,NA,NA,NA,NA,NA,NA,NA,NA,NA,NA,NA,NA,NA,0.0658616904500549,0.0491263028816677,0.0512,0.0576070901033973,0.0766045548654244,0.053475935828877,0,0.0537699923838538,0.0647598488936859,0.0633763320246775,0.0807692307692308,0.0657476139978791,0.110849696860013,0.0578389830508475,0.0906403940886699,0,NA,NA,NA,NA,0.0204290091930541,0.0310507136349833,0.100877192982456,0.0262430939226519,0.0238200264666961,0.0197956577266922,0.042042042042042,0.0316622691292876,0.031523642732049,0.0275657336726039,0.0222155508856199,0.0291598323309641,0.0179856115107914,0.0196078431372549,0.0147420147420147,0.0161086544535692,0.0318736967530533,0.100558659217877,0.0204415372035977,0.00695517774343122,0.00684931506849315,0.00987956341738803,0.0104733975701718,0,0.0083955223880597,0.0115606936416185,0
"Guinea",NA,NA,NA,NA,NA,NA,NA,NA,NA,NA,NA,NA,NA,NA,NA,NA,NA,NA,NA,NA,NA,0.03,NA,NA,NA,NA,NA,NA,NA,NA,NA,NA,NA,NA,NA,NA,NA,0.202797202797203,NA,NA,NA,NA,NA,NA,NA,0.0213592233009709,0.0868429142330157,0.0592334494773519,NA,0.0601589103291714,0.0467445742904841,0.0616570327552987,0.0561224489795918,0.180327868852459,0.166666666666667,0.0771767810026385,0.0280031405391259,0.067550894509562,0.0363912941727124,0.0623781676413255,0,NA,0,0.0180952380952381,0.100313479623824,0,NA,NA
"Israel",NA,NA,NA,NA,NA,NA,NA,NA,NA,NA,NA,NA,NA,NA,NA,NA,NA,NA,NA,NA,NA,0.0540540540540541,0,0,NA,NA,NA,NA,NA,NA,NA,NA,NA,0,NA,NA,NA,NA,0,0,NA,NA,NA,NA,NA,NA,NA,NA,NA,NA,NA,NA,NA,NA,NA,NA,NA,NA,NA,NA,NA,NA,NA,NA,0,NA,NA,NA
"Jordan",NA,NA,NA,NA,NA,NA,NA,NA,NA,NA,NA,NA,NA,NA,NA,NA,NA,NA,NA,NA,NA,0,NA,NA,NA,NA,NA,0,0.00234192037470726,NA,0,NA,0.00459770114942529,NA,NA,NA,NA,NA,NA,NA,NA,0,NA,NA,NA,NA,NA,NA,NA,NA,NA,NA,NA,NA,NA,NA,NA,NA,NA,NA,NA,NA,NA,NA,NA,NA,NA,NA
"Kuwait",NA,NA,NA,NA,NA,NA,NA,NA,NA,NA,NA,NA,NA,NA,NA,NA,NA,NA,NA,NA,NA,0,NA,NA,NA,NA,0.333333333333333,0,0,0,0,NA,0,NA,NA,NA,0,0,NA,NA,0,NA,NA,NA,0,NA,NA,NA,0,NA,NA,NA,NA,NA,NA,NA,NA,NA,NA,NA,NA,NA,NA,NA,NA,NA,0,NA
"Lebanon",NA,NA,NA,NA,NA,NA,NA,NA,NA,NA,NA,NA,NA,NA,NA,NA,NA,NA,NA,NA,NA,0.0185185185185185,NA,NA,NA,NA,NA,NA,0,NA,NA,NA,NA,NA,NA,NA,NA,NA,NA,NA,NA,NA,NA,NA,0.0668604651162791,0,NA,NA,NA,NA,NA,NA,NA,NA,NA,NA,0,NA,NA,NA,NA,NA,NA,NA,NA,NA,NA,NA
"Liberia",NA,NA,NA,NA,NA,NA,NA,NA,NA,NA,NA,NA,NA,NA,NA,NA,NA,NA,NA,NA,NA,0.160714285714286,0.174917491749175,0.0295670538542767,0.0202095808383234,0.0234375,0.0227272727272727,0.0154798761609907,0.03515625,0.0213270142180095,0.0136986301369863,0.0204460966542751,0.0208596713021492,0.0119402985074627,0.0655737704918033,0.016260162601626,0.00845070422535211,0,0.0303030303030303,0.0147058823529412,0,NA,0.303030303030303,NA,NA,0.0222513089005236,0.0368421052631579,0.0189419412687738,0,0.00800753650494583,0,0.0273972602739726,0,0,0.00109383995394358,0.00143575017946877,0.00470834423227832,0.00344897545141002,0.00228534116878877,0.00242718446601942,0.00186915887850467,0,0,0,0,0,NA,NA
"Libya",NA,NA,NA,NA,NA,NA,NA,NA,NA,NA,NA,NA,NA,NA,NA,NA,NA,NA,NA,NA,NA,0.0243266724587315,NA,NA,NA,NA,NA,NA,NA,NA,NA,NA,NA,NA,NA,NA,NA,NA,NA,NA,NA,NA,NA,NA,NA,NA,0.0909090909090909,NA,NA,NA,NA,NA,NA,NA,NA,NA,NA,NA,NA,NA,NA,NA,NA,NA,NA,NA,NA,NA
"Mali",NA,NA,NA,NA,NA,NA,NA,NA,NA,NA,NA,NA,NA,NA,NA,NA,NA,NA,NA,NA,NA,0.075422138836773,0.275667779632721,0,0.146118721461187,0.161538461538462,NA,NA,NA,NA,NA,NA,NA,NA,NA,0.226183844011142,0.22293163075286,0.0788100208768267,0.238636363636364,NA,NA,NA,NA,NA,NA,NA,0.105431309904153,0.132972217368513,0.5,NA,0.5,0.0270557029177719,0.134328358208955,0.111111111111111,0.081786941580756,0.0722085241282142,0.0645161290322581,0,NA,0.0326797385620915,NA,NA,0.0427927927927928,0.0867579908675799,0.0869565217391304,NA,NA,NA
"Niger",NA,NA,NA,NA,NA,NA,NA,NA,NA,NA,NA,NA,NA,NA,NA,NA,NA,NA,NA,NA,NA,0.5,0.252995143011333,0.235294117647059,0.132231404958678,0.262237762237762,NA,NA,NA,NA,NA,NA,0,NA,NA,0.0813093980992608,NA,NA,NA,NA,0.132530120481928,NA,0.113341568869673,NA,NA,0.113387978142077,0.0568181818181818,0.0520596411422795,0.0501930501930502,NA,0.0716694772344014,0.168888888888889,0.0123456790123457,0.0508474576271186,0.0376712328767123,0.0261707988980716,0.0994575045207957,0.0657467532467532,0.0833333333333333,0.0720164609053498,NA,0.0571923743500867,0.0258175559380379,0.0208175624526874,0.0222222222222222,0.0388538125303545,0.0784313725490196,0.157894736842105
"Nigeria",NA,NA,NA,NA,NA,NA,NA,NA,NA,NA,NA,NA,NA,NA,NA,NA,NA,NA,NA,NA,NA,0.266666666666667,0.128428764554533,0.070432868672047,0.171974522292994,NA,0.0263157894736842,0.223214285714286,0.0265957446808511,0.101522842639594,0.0136518771331058,0.181159420289855,0.168224299065421,0.0725806451612903,0.0112359550561798,0.110977804439112,0,0.252747252747253,0.086046511627907,0.072992700729927,0.0565862708719852,NA,0.12868623692794,0.0789685737308622,0.0639423076923077,0.109478838754809,0.0821529745042493,0.0964118312590916,0.101361573373676,0.0539838337182448,0.0791031185977692,0.0153626295105395,0.0514705882352941,0.0283661816172407,0.0450077599586136,0.0580665411173886,0.0388653115925843,0.0626232741617357,0.028898254063817,0.0456561922365989,0.0314805346578044,0.0385099874032752,0.031740599734782,0.0301507537688442,0.0346969696969697,0.0209745527280809,0.0351606805293006,0.0416666666666667
"Russian Federation",NA,NA,NA,NA,NA,NA,NA,NA,NA,NA,NA,NA,NA,NA,NA,NA,NA,NA,NA,NA,NA,0,NA,NA,NA,NA,NA,0,0,NA,NA,NA,NA,NA,NA,NA,NA,NA,NA,NA,NA,0,0,0,0.0869565217391304,0.0143129770992366,0,0.25,0,0,0,NA,0,NA,NA,0,NA,0,0,NA,NA,0,NA,0,NA,0,NA,NA
"Saudi Arabia",NA,NA,NA,NA,NA,NA,NA,NA,NA,NA,NA,NA,NA,NA,NA,NA,NA,NA,NA,NA,NA,0.0526315789473684,NA,0,NA,NA,0.527472527472527,0,0,0.0333333333333333,0,0,0,NA,NA,NA,NA,0.0405405405405405,NA,NA,NA,NA,NA,NA,NA,NA,NA,NA,NA,NA,NA,NA,NA,0,NA,NA,NA,NA,NA,NA,NA,NA,NA,NA,NA,NA,NA,NA
"Sierra Leone",NA,NA,NA,NA,NA,NA,NA,NA,NA,NA,NA,NA,NA,NA,NA,NA,NA,NA,NA,NA,NA,0.252559726962457,0.0616113744075829,NA,NA,NA,NA,NA,0,NA,NA,NA,NA,NA,NA,NA,NA,0.0746901864463548,0.0538599640933573,NA,NA,NA,NA,NA,NA,0.0641672674837779,0.0434613514827419,NA,NA,0.0271946564885496,0.00579374275782155,NA,NA,NA,NA,0.0818713450292398,0,0.038671875,0.0378548895899054,0.0161290322580645,NA,NA,NA,0.0129302888773569,0.0848806366047745,NA,NA,NA
"Somalia",NA,NA,NA,NA,NA,NA,NA,NA,NA,NA,NA,NA,NA,NA,NA,NA,NA,NA,NA,NA,NA,0.232558139534884,0.112359550561798,NA,NA,NA,NA,NA,NA,NA,NA,NA,NA,NA,NA,NA,0.155799588194921,0.12171464330413,NA,NA,NA,NA,NA,NA,NA,0.0425637043834263,0.0206374932468936,0.04516254623321,0.0369826827120634,0.0443740095087163,0.0390268626457172,0.0751067235859125,0.0362290611608882,0.0572972972972973,0.00508166969147005,0.00579064587973274,NA,NA,0.028384122181399,0.0124902419984387,0.0144230769230769,0.0293447293447293,0.0145551033025916,0.00885896527285613,0.0203962703962704,0,0.0111464968152866,0.0350854728215635
"Syrian Arab Republic",NA,NA,NA,NA,NA,NA,NA,NA,NA,NA,NA,NA,NA,NA,NA,NA,NA,NA,NA,NA,NA,0,0,0.0495049504950495,NA,NA,0.0895522388059701,0.0138364779874214,0.0279424216765453,NA,0.0435413642960813,NA,NA,NA,NA,NA,NA,NA,NA,NA,NA,NA,NA,NA,NA,NA,NA,NA,NA,NA,NA,NA,NA,NA,NA,NA,NA,NA,NA,NA,NA,NA,NA,NA,NA,NA,NA,NA
"Togo",NA,NA,NA,NA,NA,NA,NA,NA,NA,NA,NA,NA,NA,NA,NA,NA,NA,NA,NA,NA,NA,0.04,0.0776119402985075,0,NA,0.137931034482759,NA,NA,0.0909090909090909,1,NA,NA,NA,NA,NA,NA,NA,NA,NA,0,NA,NA,0.0338063439065108,0.0703851261620186,0.105263157894737,0.106382978723404,0.0615384615384615,0.116438356164384,0.166666666666667,0.0686975442959279,0.0464767616191904,0.0680473372781065,0.0509604076832615,0.0544747081712062,0.0729166666666667,0.0305555555555556,0.0113636363636364,0.0215703192407248,0.0153846153846154,0.00755667506297229,0.00458715596330275,0.0416666666666667,0,0.0163934426229508,0.0240963855421687,0.0419847328244275,0.0285714285714286,NA
"Tunisia",NA,NA,NA,NA,NA,NA,NA,NA,NA,NA,NA,NA,NA,NA,NA,NA,NA,NA,NA,NA,NA,0,NA,0,0.024390243902439,NA,NA,NA,NA,NA,NA,NA,NA,NA,NA,NA,NA,NA,NA,NA,NA,NA,NA,NA,NA,NA,NA,NA,NA,NA,NA,NA,NA,NA,NA,NA,NA,NA,NA,NA,NA,NA,NA,NA,NA,NA,NA,NA
"Turkiye",NA,NA,NA,NA,NA,NA,NA,NA,NA,NA,NA,NA,NA,NA,NA,NA,NA,NA,NA,NA,NA,0.135416666666667,NA,NA,NA,NA,NA,NA,0,NA,NA,NA,NA,NA,NA,NA,NA,NA,NA,NA,NA,NA,NA,NA,NA,NA,NA,NA,NA,NA,NA,NA,NA,NA,NA,NA,NA,NA,NA,NA,NA,NA,NA,NA,NA,NA,NA,NA
"United Kingdom of Great Britain and Northern Ireland",NA,NA,NA,NA,NA,NA,NA,NA,NA,NA,NA,NA,NA,NA,NA,NA,NA,NA,NA,NA,NA,0,0,0,0,0,0,0,0,NA,NA,0,0,0,0,0,0.25,0,0,0,0,0,0,0,0,0,0,0,0,0,NA,0,NA,NA,0,0,NA,0,0,0,0,0,0,0,0,0,0,0
"Algeria",NA,NA,NA,NA,NA,NA,NA,NA,NA,NA,NA,NA,NA,NA,NA,NA,NA,NA,NA,NA,NA,NA,0.0825825825825826,0.109907120743034,0.122314049586777,0.0677506775067751,0.101287553648069,0.104895104895105,0.0343511450381679,0.0590909090909091,0.0374054914444887,0.0293159609120521,NA,NA,0.0412844036697248,0,NA,NA,0,0.0429184549356223,0,0.0153964588144727,NA,0,NA,0.0338983050847458,NA,NA,NA,NA,NA,NA,NA,NA,NA,NA,NA,NA,NA,NA,NA,NA,NA,NA,NA,NA,NA,NA
"Angola",NA,NA,NA,NA,NA,NA,NA,NA,NA,NA,NA,NA,NA,NA,NA,NA,NA,NA,NA,NA,NA,NA,0,0.0895522388059701,0.0342205323193916,0.0364025695931477,0.0454545454545455,NA,0.0426997245179063,NA,NA,NA,NA,NA,NA,NA,NA,NA,0.086487486129947,0.0994838709677419,0.0525538321686268,0.0849165529547602,0.0677532013969732,0.0509977827050998,NA,0.0543130990415335,0.0752655538694992,0.0321592649310873,NA,NA,NA,NA,NA,NA,NA,NA,NA,0.0404716237715033,0.0278471392899794,0.0231186376177338,0.0435859336305102,0.0202156334231806,0.0607734806629834,0.0806584362139918,0.0129226145755071,0.0140845070422535,NA,0.0384615384615385
"Cameroon",NA,NA,NA,NA,NA,NA,NA,NA,NA,NA,NA,NA,NA,NA,NA,NA,NA,NA,NA,NA,NA,NA,0.155053068758653,0.074585635359116,0.0776699029126214,0.192771084337349,0,0.2,NA,0,0.25,0.100436681222707,0.0699588477366255,0.6,0.327272727272727,0.153061224489796,0.0889464594127807,0.0727272727272727,0.0638297872340425,0,0.5,0,0.121957277694983,0.0520504731861199,0.029320987654321,0.115749525616698,0.0341463414634146,0.0836783988957902,0.105324751316559,0.0686508798609602,0.0220959595959596,0.235772357723577,0.027027027027027,0.121212121212121,0.173913043478261,0.0171143035602748,0.0386371619248332,0.0379609544468547,0.1,NA,0.110696517412935,0.0610651547541593,0.0349039361654705,0.0137741046831956,0,0.0548435171385991,0.0483870967741935,NA
"Chad",NA,NA,NA,NA,NA,NA,NA,NA,NA,NA,NA,NA,NA,NA,NA,NA,NA,NA,NA,NA,NA,NA,0.292952612393682,0.333333333333333,NA,0.257396449704142,NA,NA,NA,NA,NA,NA,NA,NA,NA,NA,NA,NA,NA,NA,NA,NA,0.0965864175350341,NA,NA,0.0393053016453382,NA,0.0572158365261814,0.0503351891830474,0.0351648351648352,0.0829493087557604,NA,0.0430968726163234,NA,0.127272727272727,0.049177363948653,0.155555555555556,0.0425659472422062,NA,NA,0.0895522388059701,0.0273651290070367,0.0265245844674813,NA,NA,NA,NA,NA
"Germany",NA,NA,NA,NA,NA,NA,NA,NA,NA,NA,NA,NA,NA,NA,NA,NA,NA,NA,NA,NA,NA,NA,0,0,0,0,0,0,0,NA,NA,0,0,0,NA,NA,NA,0,NA,0,0,0,NA,0,0,0,0,NA,0,0,0,0,0,0,0,0,NA,0,0,NA,NA,0.25,0,NA,NA,0,NA,0
"Kenya",NA,NA,NA,NA,NA,NA,NA,NA,NA,NA,NA,NA,NA,NA,NA,NA,NA,NA,NA,NA,NA,NA,0.158995815899582,0,NA,0.0497512437810945,0.0677035681610247,0.0434142752023547,0,0.025260029717682,0.00186915887850467,0.014957264957265,0.0445544554455446,0.0260148656375071,0.0505243088655863,0,0.0754437869822485,0.0536352800953516,0.0470588235294118,NA,0.0348583877995643,NA,NA,0.0295159386068477,NA,0.0318181818181818,0.0252100840336134,0.029045643153527,0.0322674418604651,0.0551444365192582,0.0317057704502219,0.0674157303370786,0.0549450549450549,0.0343642611683849,NA,0.0172413793103448,0.0257352941176471,0.0126436781609195,0.0555555555555556,0.0365577483015205,0.0231072210065646,0.0197616060225847,0.027027027027027,NA,NA,0.257142857142857,0.00504100519148296,0.0136379133992499
"Madagascar",NA,NA,NA,NA,NA,NA,NA,NA,NA,NA,NA,NA,NA,NA,NA,NA,NA,NA,NA,NA,NA,NA,0,NA,NA,NA,NA,NA,NA,NA,NA,NA,NA,NA,NA,NA,NA,NA,NA,NA,NA,NA,NA,NA,NA,NA,NA,NA,NA,NA,0.0550486313045222,0.0570551100494796,0.0572101399085746,0,0,NA,NA,NA,NA,NA,NA,NA,NA,NA,NA,NA,NA,NA
"Mauritania",NA,NA,NA,NA,NA,NA,NA,NA,NA,NA,NA,NA,NA,NA,NA,NA,NA,NA,NA,NA,NA,NA,0.0465320456540825,0.162162162162162,0.146666666666667,NA,NA,NA,NA,NA,NA,NA,NA,NA,NA,0.0903614457831325,0.0772200772200772,0.030262453133369,0.0640050697084918,0.0660869565217391,0.0385714285714286,NA,NA,NA,NA,NA,NA,0.0326422584913983,0.0151515151515152,NA,NA,NA,NA,0,0.235294117647059,NA,0.0169409486931268,0,0,NA,NA,NA,0.0652173913043478,NA,NA,NA,NA,NA
"Morocco",NA,NA,NA,NA,NA,NA,NA,NA,NA,NA,NA,NA,NA,NA,NA,NA,NA,NA,NA,NA,NA,NA,0,0,NA,NA,NA,0,NA,NA,NA,NA,NA,NA,NA,NA,NA,NA,NA,NA,NA,0.0299584517821999,NA,NA,NA,0,NA,NA,NA,NA,NA,NA,NA,NA,NA,NA,NA,NA,NA,NA,NA,NA,NA,NA,NA,NA,NA,NA
"Oman",NA,NA,NA,NA,NA,NA,NA,NA,NA,NA,NA,NA,NA,NA,NA,NA,NA,NA,NA,NA,NA,NA,0.888888888888889,NA,NA,NA,NA,NA,NA,NA,NA,NA,NA,NA,NA,NA,NA,NA,NA,NA,NA,NA,NA,NA,NA,NA,NA,NA,NA,NA,NA,NA,0,0,NA,NA,NA,NA,NA,NA,NA,NA,NA,NA,NA,NA,0,NA
"Portugal",NA,NA,NA,NA,NA,NA,NA,NA,NA,NA,NA,NA,NA,NA,NA,NA,NA,NA,NA,NA,NA,NA,0.0625,NA,NA,0.0194568301580867,0.0075046904315197,NA,NA,NA,NA,NA,NA,NA,NA,NA,NA,NA,NA,NA,NA,NA,NA,NA,NA,0,0,NA,NA,NA,NA,NA,NA,NA,NA,NA,NA,NA,NA,NA,NA,NA,NA,NA,NA,NA,NA,NA
"Senegal",NA,NA,NA,NA,NA,NA,NA,NA,NA,NA,NA,NA,NA,NA,NA,NA,NA,NA,NA,NA,NA,NA,0.226415094339623,0.0976253298153034,NA,NA,NA,NA,NA,0.0253968253968254,0.029126213592233,NA,0,NA,NA,0.129120879120879,0.15863453815261,0.132352941176471,0.0914285714285714,0.00256410256410256,NA,NA,NA,NA,NA,NA,0.0480192076830732,0.0474948780033526,0.0296495956873315,NA,NA,NA,NA,NA,NA,0.00814995925020375,0.0144392950597434,0.0273972602739726,0.00602409638554217,0.0155884645362432,0,0,0,0,NA,NA,NA,NA
"Spain",NA,NA,NA,NA,NA,NA,NA,NA,NA,NA,NA,NA,NA,NA,NA,NA,NA,NA,NA,NA,NA,NA,0,NA,NA,0,0,0,NA,NA,0,0,NA,0,0,0,NA,NA,0,NA,0,0,0,NA,0,0,0,0,NA,NA,NA,NA,0,0,NA,NA,NA,0,0,0,NA,NA,NA,NA,NA,NA,0,NA
"Sweden",NA,NA,NA,NA,NA,NA,NA,NA,NA,NA,NA,NA,NA,NA,NA,NA,NA,NA,NA,NA,NA,NA,0,NA,0,0,NA,0,NA,NA,0,NA,NA,NA,NA,NA,NA,0,0,NA,NA,NA,NA,0,NA,0,0,0,NA,NA,NA,NA,NA,NA,0,0,NA,0,NA,NA,NA,NA,0,NA,NA,NA,0,NA
"Uganda",NA,NA,NA,NA,NA,NA,NA,NA,NA,NA,NA,NA,NA,NA,NA,NA,NA,NA,NA,NA,NA,NA,0.0396301188903567,NA,NA,NA,0,NA,NA,0.0982142857142857,0.0638297872340425,0.117608836907083,NA,0.252631578947368,NA,NA,NA,NA,0.357142857142857,NA,NA,NA,0.100358422939068,0.0205047318611987,NA,0.0553977272727273,0.122676579925651,0.13745704467354,0.0720306513409962,0.0416851799491053,0.0440239428461093,0.0612753829711436,0.0161943319838057,0.0584872471416007,0.0294722412611378,0.0269230769230769,0.0199025182778229,0.0204081632653061,0.0108695652173913,0.0322061191626409,0.0210045662100457,0.0333190944041008,NA,0.0213404995257667,0.036096256684492,0.029126213592233,0.0225872689938398,0.0213178294573643
"Yemen",NA,NA,NA,NA,NA,NA,NA,NA,NA,NA,NA,NA,NA,NA,NA,NA,NA,NA,NA,NA,NA,NA,0.136842105263158,0.131578947368421,0.106976744186047,0.166666666666667,0,NA,NA,0.0289855072463768,0.0230414746543779,0.0277777777777778,NA,NA,NA,NA,NA,NA,NA,NA,NA,NA,NA,0,NA,NA,NA,NA,NA,NA,NA,NA,NA,NA,NA,NA,NA,NA,NA,NA,0.0545454545454545,0.0133333333333333,0.00421529459876058,NA,NA,NA,NA,0.0104120373309631
"New Zealand",NA,NA,NA,NA,NA,NA,NA,NA,NA,NA,NA,NA,NA,NA,NA,NA,NA,NA,NA,NA,NA,NA,NA,0.333333333333333,NA,NA,NA,NA,NA,NA,NA,NA,NA,NA,NA,NA,NA,NA,0,NA,NA,0,NA,NA,NA,0,0,NA,NA,0,0,NA,0,NA,NA,NA,0,NA,NA,NA,NA,NA,NA,NA,NA,NA,NA,NA
"United Arab Emirates",NA,NA,NA,NA,NA,NA,NA,NA,NA,NA,NA,NA,NA,NA,NA,NA,NA,NA,NA,NA,NA,NA,NA,0,NA,NA,NA,NA,NA,NA,NA,NA,NA,NA,NA,NA,NA,NA,NA,NA,NA,NA,NA,NA,NA,NA,NA,NA,NA,NA,NA,NA,NA,0,NA,NA,NA,NA,NA,NA,NA,NA,NA,NA,NA,NA,NA,NA
"Italy",NA,NA,NA,NA,NA,NA,NA,NA,NA,NA,NA,NA,NA,NA,NA,NA,NA,NA,NA,NA,NA,NA,NA,NA,0.0827338129496403,NA,0,NA,0,NA,0,NA,NA,NA,NA,NA,NA,NA,NA,NA,NA,NA,NA,NA,NA,0.75,0,NA,NA,4.5,NA,NA,NA,NA,NA,NA,NA,0,0,NA,NA,NA,NA,NA,0,NA,NA,NA
"Malawi",NA,NA,NA,NA,NA,NA,NA,NA,NA,NA,NA,NA,NA,NA,NA,NA,NA,NA,NA,NA,NA,NA,NA,NA,0.0539083557951483,NA,NA,0,0,0.091254752851711,NA,NA,0,NA,0.100616016427105,NA,NA,NA,NA,0,0.0019159382109927,0.0357434792301404,0.0302917903066271,0.0268456375838926,0.0207994284126543,0.102803738317757,0,0,0.115384615384615,0.0424068767908309,0.0244454504300589,0.0234211626934337,0.0175365344467641,0.0279293641547612,0.0124269005847953,0.00592592592592593,0.00995475113122172,0.0132594021215043,0.0105263157894737,0.0312876052948255,0.021735350373848,0.0147186147186147,0.0333333333333333,0.0106951871657754,NA,NA,0.0158730158730159,0.0256696428571429
"Mozambique",NA,NA,NA,NA,NA,NA,NA,NA,NA,NA,NA,NA,NA,NA,NA,NA,NA,NA,NA,NA,NA,NA,NA,NA,0.19205298013245,0.135559921414538,0.272727272727273,0.666666666666667,0.166666666666667,NA,0.119851007887818,0.0701320132013201,0.0752994865944096,0.086484137331595,0.0416007445323406,0.0211132437619962,0,0,NA,NA,0.032345013477089,0.0467244701348748,0.0417994137887091,0.0236023634828907,0.0256021814876534,0.0390173410404624,NA,NA,0.0296372582675363,0.031706974128234,0.0269349635678675,0.0134851832965041,0.0115988173754833,0.0140307692307692,0.00741386829481029,0.00547808764940239,0.0107816711590297,0.0045987947986045,0.0083905415713196,0.0112248266754705,0.00787641648457747,0.0157469717362046,0.00390930414386239,0.0108191653786708,0.0101658640984484,0.00208333333333333,0.00732349239043369,0.00226500566251416
"South Africa",NA,NA,NA,NA,NA,NA,NA,NA,NA,NA,NA,NA,NA,NA,NA,NA,NA,NA,NA,NA,NA,NA,NA,NA,0,0,NA,NA,NA,NA,0,0.0186263096623981,0.0124401913875598,0.018716577540107,0.0133616118769883,0.0169204737732657,0.00145878920495988,0.00833333333333333,0,NA,NA,NA,0,0,0.0256410256410256,0,NA,NA,NA,0.05,0.0294117647058824,0.00345756851578787,0.00218540114356767,0.00319872051179528,0.0115355037169956,0.0126490784242862,0.00799314872966029,NA,NA,0.00563091886357819,0.00541825095057034,NA,NA,NA,0,NA,NA,NA
"Sri Lanka",NA,NA,NA,NA,NA,NA,NA,NA,NA,NA,NA,NA,NA,NA,NA,NA,NA,NA,NA,NA,NA,NA,NA,NA,0.110169491525424,0.0730423338451415,0.0461114934618032,0.021978021978022,0,0.0416666666666667,0,0.0384615384615385,0.0993031358885017,0.0679611650485437,0.0232558139534884,NA,NA,NA,NA,0.0714285714285714,NA,NA,0.0285714285714286,0.0247933884297521,0,NA,NA,NA,0.027906976744186,0.0319010416666667,0.0462962962962963,0,NA,0.111111111111111,NA,NA,NA,NA,NA,NA,NA,NA,NA,NA,NA,NA,NA,NA
"Zimbabwe",NA,NA,NA,NA,NA,NA,NA,NA,NA,NA,NA,NA,NA,NA,NA,NA,NA,NA,NA,NA,NA,NA,NA,NA,0,0,0.0536585365853659,0.0625,NA,NA,NA,NA,NA,NA,NA,NA,0.0416666666666667,0,NA,NA,NA,NA,NA,0.05126953125,0.061652739090065,NA,NA,NA,NA,0.0442211055276382,0.0682987404647862,0.133134328358209,0.0215384615384615,0.06144,0.0346878097125867,0.0756302521008403,0.0503875968992248,0.0773130544993663,0.0615384615384615,0.0487553076346682,0.0397047818878112,0.0220820189274448,0.00163934426229508,0.0434782608695652,NA,NA,0,0.1
"Cabo Verde",NA,NA,NA,NA,NA,NA,NA,NA,NA,NA,NA,NA,NA,NA,NA,NA,NA,NA,NA,NA,NA,NA,NA,NA,NA,0.0264026402640264,0.15,0.0776255707762557,NA,NA,NA,NA,NA,NA,NA,NA,NA,NA,NA,NA,NA,NA,NA,NA,NA,0.09375,0.0185859211647177,0.00700934579439252,NA,0.0075187969924812,NA,NA,NA,NA,NA,NA,NA,NA,NA,NA,NA,NA,NA,NA,NA,NA,NA,NA
"United Republic of Tanzania",NA,NA,NA,NA,NA,NA,NA,NA,NA,NA,NA,NA,NA,NA,NA,NA,NA,NA,NA,NA,NA,NA,NA,NA,NA,0.6,NA,NA,0.0875420875420875,0.110926150121065,0.119187182493161,0.112971516551193,0.0778118368309361,0.079587324981577,0.0699339207048458,0.13,0.126008064516129,0.174654752233956,0.12262156448203,0.110119612682742,0.107906976744186,0.0363228699551569,0.10077519379845,0.117294612976358,0.0934343434343434,0.0691964285714286,0.0324653364896855,0.0245901639344262,0.0554299485701508,0.0419657647708448,0.0476112832219142,0.0336424412335562,0.04,0.0249161073825503,0.0450704225352113,0.0263591433278418,0.031918505942275,0.0177659648877387,0.0403977625854568,0.0302301614565441,0.0146753246753247,0.0132020586260908,0.0116772823779193,0.013986013986014,0.062962962962963,NA,0.012453515523653,0.0151408450704225
"Comoros",NA,NA,NA,NA,NA,NA,NA,NA,NA,NA,NA,NA,NA,NA,NA,NA,NA,NA,NA,NA,NA,NA,NA,NA,NA,NA,0.0889719626168224,0.2,NA,NA,NA,NA,NA,NA,NA,NA,NA,NA,NA,NA,NA,NA,NA,NA,NA,NA,NA,NA,NA,0.00931506849315068,0.0355932203389831,0.0276008492569002,0.0176991150442478,0.0293554562858966,0,0,NA,NA,0.0186495176848875,0,NA,NA,NA,NA,NA,NA,NA,NA
"Netherlands (Kingdom of the)",NA,NA,NA,NA,NA,NA,NA,NA,NA,NA,NA,NA,NA,NA,NA,NA,NA,NA,NA,NA,NA,NA,NA,NA,NA,NA,NA,1,0,0,0,NA,0,NA,0,NA,NA,NA,NA,0,NA,0,NA,NA,0,0,0,0,0,0,0,0,NA,0,0,0,0,0,NA,0,NA,NA,NA,NA,NA,NA,NA,0
"The former state union Serbia and Montenegro",NA,NA,NA,NA,NA,NA,NA,NA,NA,NA,NA,NA,NA,NA,NA,NA,NA,NA,NA,NA,NA,NA,NA,NA,NA,NA,NA,0.333333333333333,NA,NA,NA,NA,0,NA,NA,NA,NA,NA,NA,NA,0,NA,NA,NA,NA,0,NA,NA,NA,NA,NA,NA,NA,NA,NA,NA,NA,NA,NA,NA,NA,NA,NA,NA,NA,NA,NA,NA
"Kiribati",NA,NA,NA,NA,NA,NA,NA,NA,NA,NA,NA,NA,NA,NA,NA,NA,NA,NA,NA,NA,NA,NA,NA,NA,NA,NA,NA,NA,0.0160673297628156,0,NA,NA,NA,NA,NA,NA,NA,NA,NA,NA,NA,NA,NA,NA,NA,NA,NA,NA,NA,NA,NA,NA,NA,NA,NA,NA,NA,NA,NA,NA,NA,NA,NA,NA,NA,NA,NA,NA
"Switzerland",NA,NA,NA,NA,NA,NA,NA,NA,NA,NA,NA,NA,NA,NA,NA,NA,NA,NA,NA,NA,NA,NA,NA,NA,NA,NA,NA,NA,0,0,NA,NA,0,NA,NA,NA,0,NA,NA,0,NA,NA,NA,0,0,NA,0,NA,NA,0,NA,NA,NA,NA,NA,NA,NA,0,NA,NA,NA,NA,NA,NA,NA,NA,0,NA
"Burundi",NA,NA,NA,NA,NA,NA,NA,NA,NA,NA,NA,NA,NA,NA,NA,NA,NA,NA,NA,NA,NA,NA,NA,NA,NA,NA,NA,NA,NA,0.0298903218030613,0.033879781420765,0.0137322216772928,0.0189003436426117,0.0216867469879518,0.068359375,0.0555555555555556,0.0579150579150579,NA,NA,NA,NA,0,0,0.0605427974947808,0,0.0729537366548043,0,0,0.0484941296579888,0.0243673851921275,0.0183139534883721,0.0156709108716944,0.0199401794616152,0.0138648180242634,0.0416666666666667,0.0170940170940171,0.0137509549274255,0.00790067720090293,0.00547945205479452,0.0170940170940171,0,0.003003003003003,0.000932835820895522,0.00467289719626168,0.0109184328837508,0.0154639175257732,0,0.0115207373271889
"Congo",NA,NA,NA,NA,NA,NA,NA,NA,NA,NA,NA,NA,NA,NA,NA,NA,NA,NA,NA,NA,NA,NA,NA,NA,NA,NA,NA,NA,NA,0.274509803921569,0,NA,NA,NA,NA,NA,NA,NA,NA,NA,NA,NA,NA,NA,NA,NA,NA,NA,0.218181818181818,0.00682805710738672,0.00415541242468315,0.222222222222222,NA,NA,NA,NA,NA,0.0571428571428571,0.0170841361592807,0.0256410256410256,0,NA,0,0.0313293818797629,0.136083743842365,NA,NA,0.133333333333333
"Democratic Republic of the Congo",NA,NA,NA,NA,NA,NA,NA,NA,NA,NA,NA,NA,NA,NA,NA,NA,NA,NA,NA,NA,NA,NA,NA,NA,NA,NA,NA,NA,NA,0.0525711002585464,0.0926563916591115,0.077069457659372,0.336275746111812,0.0670991479473277,0.0822976150487068,0.0185185185185185,0.0405405405405405,0.118035882908404,0.189565217391304,0.108474576271186,0.0606060606060606,0.13034188034188,0.0723069355632071,0.030271934325295,0.177484787018256,0.0720154331088413,0.0397830018083183,0.0809028658381943,0.134655101197852,0.0838419438952406,0.0616001888128393,0.062754251417139,0.0680865921787709,0.0625118453471476,0.0362643003813435,0.0297455968688845,0.0181682799702159,0.0206375351225656,0.0212246630584739,0.0181757877280265,0.0103497969343639,0.0131086142322097,0.0269124423963134,0.024330827961142,0.0182229809976247,0.0167544926361303,0.0143884892086331,0.027017406471363
"Eswatini",NA,NA,NA,NA,NA,NA,NA,NA,NA,NA,NA,NA,NA,NA,NA,NA,NA,NA,NA,NA,NA,NA,NA,NA,NA,NA,NA,NA,NA,0,NA,NA,0.0714285714285714,0.0241635687732342,NA,NA,NA,NA,NA,NA,NA,NA,NA,0.0131521262604121,NA,NA,NA,0,NA,0,0,0.113475177304965,0.0190662865288667,0.0149253731343284,0.40625,0.0148837209302326,NA,0,NA,0,0,NA,NA,NA,NA,NA,NA,NA
"Maldives",NA,NA,NA,NA,NA,NA,NA,NA,NA,NA,NA,NA,NA,NA,NA,NA,NA,NA,NA,NA,NA,NA,NA,NA,NA,NA,NA,NA,NA,0.0194071983062809,NA,NA,NA,NA,NA,NA,NA,NA,NA,NA,NA,NA,NA,NA,NA,NA,NA,NA,NA,NA,NA,NA,NA,NA,NA,NA,NA,NA,NA,NA,NA,NA,NA,NA,NA,NA,NA,NA
"Nauru",NA,NA,NA,NA,NA,NA,NA,NA,NA,NA,NA,NA,NA,NA,NA,NA,NA,NA,NA,NA,NA,NA,NA,NA,NA,NA,NA,NA,NA,0,0,NA,NA,NA,NA,NA,NA,NA,NA,NA,NA,NA,NA,NA,NA,NA,NA,NA,NA,NA,NA,NA,NA,NA,NA,NA,NA,NA,NA,NA,NA,NA,NA,NA,NA,NA,NA,NA
"Rwanda",NA,NA,NA,NA,NA,NA,NA,NA,NA,NA,NA,NA,NA,NA,NA,NA,NA,NA,NA,NA,NA,NA,NA,NA,NA,NA,NA,NA,NA,0.0572792362768496,0,0.133333333333333,0.0416666666666667,0.00995024875621891,0.0925925925925926,0.0807453416149068,0,0.0309734513274336,0.0594059405940594,0.0428571428571429,0,NA,0.0515463917525773,0.0695825049701789,0.0598591549295775,0,0,0.0943396226415094,0.0583941605839416,0.0229813664596273,0.149847094801223,0.00647773279352227,0.0127388535031847,NA,0,0,0,0.0518518518518519,0.0144528561596696,0,0,NA,NA,0,NA,NA,NA,0
"Zambia",NA,NA,NA,NA,NA,NA,NA,NA,NA,NA,NA,NA,NA,NA,NA,NA,NA,NA,NA,NA,NA,NA,NA,NA,NA,NA,NA,NA,NA,0.136882129277567,0.916666666666667,0.298245614035088,0,0.0933713471133286,0.0815450643776824,NA,NA,NA,NA,NA,1,0.0847457627118644,0.0829405504029193,0.0783086027961232,0.0629618681643512,NA,NA,0.0193370165745856,0,0,0.0395973651099104,0.0672735346358792,0.0530717272434867,0.0353982300884956,0.0276453765490944,0.0307021154004445,0.00465735196274118,0.0341417910447761,0.0153105861767279,0.0189228529839884,0.0169779286926995,0.00912569914630556,0.0212121212121212,0.0101010101010101,NA,NA,NA,NA
"Gabon",NA,NA,NA,NA,NA,NA,NA,NA,NA,NA,NA,NA,NA,NA,NA,NA,NA,NA,NA,NA,NA,NA,NA,NA,NA,NA,NA,NA,NA,NA,0.4,NA,0,NA,NA,NA,NA,NA,NA,NA,NA,NA,NA,NA,NA,NA,NA,NA,NA,NA,NA,NA,NA,0,0,NA,NA,NA,NA,0,NA,NA,NA,NA,NA,NA,NA,NA
"Romania",NA,NA,NA,NA,NA,NA,NA,NA,NA,NA,NA,NA,NA,NA,NA,NA,NA,NA,NA,NA,NA,NA,NA,NA,NA,NA,NA,NA,NA,NA,Inf,NA,NA,NA,NA,NA,NA,NA,NA,NA,NA,0.0037037037037037,0.0398230088495575,0,0,0.05,0.0254237288135593,NA,NA,NA,NA,NA,NA,NA,NA,NA,NA,NA,NA,NA,NA,NA,NA,NA,NA,NA,NA,NA
"Sudan",NA,NA,NA,NA,NA,NA,NA,NA,NA,NA,NA,NA,NA,NA,NA,NA,NA,NA,NA,NA,NA,NA,NA,NA,NA,NA,NA,NA,NA,NA,0.208284023668639,0.117647058823529,NA,NA,NA,NA,0.053623513574153,NA,NA,NA,NA,NA,NA,NA,NA,NA,NA,NA,NA,NA,NA,NA,NA,NA,NA,NA,NA,0.0329724088448242,0.0364139538271065,0.00684415057131257,0.00380089174767926,NA,NA,NA,NA,NA,NA,NA
"Belgium",NA,NA,NA,NA,NA,NA,NA,NA,NA,NA,NA,NA,NA,NA,NA,NA,NA,NA,NA,NA,NA,NA,NA,NA,NA,NA,NA,NA,NA,NA,NA,0,NA,NA,0,0,0,NA,NA,NA,NA,NA,NA,0,0,0,NA,NA,NA,NA,NA,NA,NA,NA,NA,0,0,NA,NA,NA,NA,NA,NA,NA,NA,NA,NA,NA
"Democratic People's Republic of Korea",NA,NA,NA,NA,NA,NA,NA,NA,NA,NA,NA,NA,NA,NA,NA,NA,NA,NA,NA,NA,NA,NA,NA,NA,NA,NA,NA,NA,NA,NA,NA,0,NA,NA,NA,NA,NA,NA,NA,NA,NA,NA,NA,NA,NA,NA,NA,0,NA,NA,NA,NA,NA,NA,NA,NA,NA,NA,NA,NA,NA,NA,NA,NA,NA,NA,NA,NA
"Samoa",NA,NA,NA,NA,NA,NA,NA,NA,NA,NA,NA,NA,NA,NA,NA,NA,NA,NA,NA,NA,NA,NA,NA,NA,NA,NA,NA,NA,NA,NA,NA,0,NA,NA,NA,NA,NA,NA,NA,NA,NA,NA,NA,NA,NA,NA,NA,NA,NA,NA,NA,NA,NA,NA,NA,NA,NA,NA,NA,NA,NA,NA,NA,NA,NA,NA,NA,NA
"Finland",NA,NA,NA,NA,NA,NA,NA,NA,NA,NA,NA,NA,NA,NA,NA,NA,NA,NA,NA,NA,NA,NA,NA,NA,NA,NA,NA,NA,NA,NA,NA,NA,0,NA,NA,NA,NA,NA,NA,NA,NA,NA,NA,NA,NA,0,0,NA,NA,0,NA,NA,NA,NA,NA,NA,0,NA,NA,0,NA,NA,NA,NA,NA,NA,NA,NA
"Greece",NA,NA,NA,NA,NA,NA,NA,NA,NA,NA,NA,NA,NA,NA,NA,NA,NA,NA,NA,NA,NA,NA,NA,NA,NA,NA,NA,NA,NA,NA,NA,NA,NA,NA,NA,NA,NA,0,NA,NA,NA,NA,NA,NA,0,NA,NA,NA,NA,NA,NA,NA,NA,NA,NA,NA,NA,NA,NA,NA,NA,NA,NA,NA,NA,NA,NA,NA
"Norway",NA,NA,NA,NA,NA,NA,NA,NA,NA,NA,NA,NA,NA,NA,NA,NA,NA,NA,NA,NA,NA,NA,NA,NA,NA,NA,NA,NA,NA,NA,NA,NA,NA,NA,NA,NA,NA,NA,0,NA,0,NA,NA,NA,NA,NA,0,NA,NA,0,NA,NA,NA,NA,NA,NA,0,0,0,NA,NA,NA,NA,NA,NA,NA,0,NA
"Poland",NA,NA,NA,NA,NA,NA,NA,NA,NA,NA,NA,NA,NA,NA,NA,NA,NA,NA,NA,NA,NA,NA,NA,NA,NA,NA,NA,NA,NA,NA,NA,NA,0,NA,NA,NA,NA,NA,NA,NA,NA,NA,NA,NA,NA,0,NA,NA,NA,NA,NA,NA,NA,NA,NA,NA,0,NA,NA,NA,NA,NA,NA,NA,NA,NA,NA,NA
"Austria",NA,NA,NA,NA,NA,NA,NA,NA,NA,NA,NA,NA,NA,NA,NA,NA,NA,NA,NA,NA,NA,NA,NA,NA,NA,NA,NA,NA,NA,NA,NA,NA,NA,NA,NA,NA,NA,NA,NA,NA,NA,0,NA,NA,0,0,NA,0,NA,0,0,NA,NA,0,NA,NA,0,NA,NA,NA,NA,NA,NA,NA,NA,NA,NA,NA
"Equatorial Guinea",NA,NA,NA,NA,NA,NA,NA,NA,NA,NA,NA,NA,NA,NA,NA,NA,NA,NA,NA,NA,NA,NA,NA,NA,NA,NA,NA,NA,NA,NA,NA,NA,NA,NA,NA,0.0767326732673267,0.00925925925925926,NA,NA,NA,NA,NA,NA,NA,NA,NA,NA,NA,NA,NA,NA,NA,NA,NA,NA,0.0169491525423729,0.00516351118760757,NA,NA,NA,NA,NA,NA,NA,NA,NA,NA,NA
"Gambia",NA,NA,NA,NA,NA,NA,NA,NA,NA,NA,NA,NA,NA,NA,NA,NA,NA,NA,NA,NA,NA,NA,NA,NA,NA,NA,NA,NA,NA,NA,NA,NA,NA,NA,NA,NA,0,NA,NA,NA,NA,NA,NA,NA,NA,0,0,0,NA,NA,NA,NA,NA,NA,NA,NA,0.0607476635514019,NA,0.0833333333333333,0,NA,NA,NA,NA,NA,NA,NA,NA
"Guinea-Bissau",NA,NA,NA,NA,NA,NA,NA,NA,NA,NA,NA,NA,NA,NA,NA,NA,NA,NA,NA,NA,NA,NA,NA,NA,NA,NA,NA,NA,NA,NA,NA,NA,NA,NA,NA,NA,NA,0.25,0.0113333333333333,NA,NA,NA,NA,NA,NA,0.0186323221757322,0,0.0100035727045373,0.0440282169788373,0.0158730158730159,NA,NA,NA,0.00712589073634204,0.00689655172413793,0.0193548387096774,0.015889450838278,0,0.0522875816993464,0.0157089995112756,0,NA,NA,0.00717079530638853,0.0288957688338493,0.181818181818182,NA,NA
"United States of America",NA,NA,NA,NA,NA,NA,NA,NA,NA,NA,NA,NA,NA,NA,NA,NA,NA,NA,NA,NA,NA,NA,NA,NA,NA,NA,NA,NA,NA,NA,NA,NA,NA,NA,NA,NA,NA,NA,0,0,NA,0,0,0.00970873786407767,0,0,0,0,0,0,0,0,0,0,0,0,0,0,0,0,0,0,0,0,0,0,0,0
"Canada",NA,NA,NA,NA,NA,NA,NA,NA,NA,NA,NA,NA,NA,NA,NA,NA,NA,NA,NA,NA,NA,NA,NA,NA,NA,NA,NA,NA,NA,NA,NA,NA,NA,NA,NA,NA,NA,NA,NA,NA,0,NA,0,0,0.166666666666667,0,0,0,NA,0,NA,0,0,0,0,0,0,0,0,0,0,0,0,NA,0,0,0,0
"Sao Tome and Principe",NA,NA,NA,NA,NA,NA,NA,NA,NA,NA,NA,NA,NA,NA,NA,NA,NA,NA,NA,NA,NA,NA,NA,NA,NA,NA,NA,NA,NA,NA,NA,NA,NA,NA,NA,NA,NA,NA,NA,NA,0.0161902352643562,0.0111940298507463,0.333333333333333,NA,NA,NA,NA,NA,NA,NA,NA,NA,NA,NA,NA,NA,0.0167853509664293,0.00971922246220302,0,0.0336134453781513,NA,NA,NA,NA,NA,NA,NA,NA
"Denmark",NA,NA,NA,NA,NA,NA,NA,NA,NA,NA,NA,NA,NA,NA,NA,NA,NA,NA,NA,NA,NA,NA,NA,NA,NA,NA,NA,NA,NA,NA,NA,NA,NA,NA,NA,NA,NA,NA,NA,NA,NA,0,NA,NA,0,0,0,NA,NA,NA,NA,NA,NA,NA,NA,0,NA,NA,NA,0,NA,NA,NA,NA,NA,NA,NA,0
"Micronesia (Federated States of)",NA,NA,NA,NA,NA,NA,NA,NA,NA,NA,NA,NA,NA,NA,NA,NA,NA,NA,NA,NA,NA,NA,NA,NA,NA,NA,NA,NA,NA,NA,NA,NA,NA,NA,NA,NA,NA,NA,NA,NA,NA,0.0294117647058824,NA,NA,NA,NA,NA,0,NA,NA,NA,0.00579374275782155,0,NA,NA,NA,NA,NA,NA,NA,NA,NA,NA,NA,NA,NA,NA,NA
"Tuvalu",NA,NA,NA,NA,NA,NA,NA,NA,NA,NA,NA,NA,NA,NA,NA,NA,NA,NA,NA,NA,NA,NA,NA,NA,NA,NA,NA,NA,NA,NA,NA,NA,NA,NA,NA,NA,NA,NA,NA,NA,NA,0,NA,0.0273037542662116,NA,NA,NA,NA,NA,NA,NA,NA,NA,NA,NA,NA,NA,NA,NA,NA,NA,NA,NA,NA,NA,NA,NA,NA
"Bolivia (Plurinational State of)",NA,NA,NA,NA,NA,NA,NA,NA,NA,NA,NA,NA,NA,NA,NA,NA,NA,NA,NA,NA,NA,NA,NA,NA,NA,NA,NA,NA,NA,NA,NA,NA,NA,NA,NA,NA,NA,NA,NA,NA,NA,NA,0.058252427184466,0.0177448337825696,0.0250641405170712,0.0169741697416974,0.023549934583515,0.0238847910080787,0.0110294117647059,0.0150214592274678,NA,NA,NA,NA,NA,NA,NA,NA,NA,NA,NA,NA,NA,NA,NA,NA,NA,NA
"Brazil",NA,NA,NA,NA,NA,NA,NA,NA,NA,NA,NA,NA,NA,NA,NA,NA,NA,NA,NA,NA,NA,NA,NA,NA,NA,NA,NA,NA,NA,NA,NA,NA,NA,NA,NA,NA,NA,NA,NA,NA,NA,NA,0.0156918687589158,0.011973480225616,0.0108761737485645,0.00913962187847538,0.00534087338988376,0.00597609561752988,0.0128427629295384,0.0105017502917153,0.0184649610678532,0.0237762237762238,0,NA,NA,0,0,NA,NA,NA,NA,NA,0,NA,NA,NA,NA,NA
"Chile",NA,NA,NA,NA,NA,NA,NA,NA,NA,NA,NA,NA,NA,NA,NA,NA,NA,NA,NA,NA,NA,NA,NA,NA,NA,NA,NA,NA,NA,NA,NA,NA,NA,NA,NA,NA,NA,NA,NA,NA,NA,NA,0.0487804878048781,0.0136986301369863,0,0,NA,0,0,0.0833333333333333,NA,NA,NA,NA,NA,NA,NA,NA,NA,NA,NA,NA,0,NA,0,0,NA,NA
"Colombia",NA,NA,NA,NA,NA,NA,NA,NA,NA,NA,NA,NA,NA,NA,NA,NA,NA,NA,NA,NA,NA,NA,NA,NA,NA,NA,NA,NA,NA,NA,NA,NA,NA,NA,NA,NA,NA,NA,NA,NA,NA,NA,0.0172802404207363,0.010443519069337,0,0.0140562248995984,0.018210197710718,0.0158084914182475,0.0212201591511936,0.0158371040723982,0,NA,NA,NA,NA,0,NA,NA,NA,NA,NA,NA,NA,NA,NA,NA,NA,NA
"Ecuador",NA,NA,NA,NA,NA,NA,NA,NA,NA,NA,NA,NA,NA,NA,NA,NA,NA,NA,NA,NA,NA,NA,NA,NA,NA,NA,NA,NA,NA,NA,NA,NA,NA,NA,NA,NA,NA,NA,NA,NA,NA,NA,0.0150474956822107,0.00652651396297458,0.010537099370701,0.00896358543417367,0.0106481481481481,0.0113314447592068,0.0461538461538462,0.00993555316863588,0,0.037037037037037,0,NA,0,0,NA,NA,NA,NA,NA,NA,NA,NA,NA,NA,NA,NA
"El Salvador",NA,NA,NA,NA,NA,NA,NA,NA,NA,NA,NA,NA,NA,NA,NA,NA,NA,NA,NA,NA,NA,NA,NA,NA,NA,NA,NA,NA,NA,NA,NA,NA,NA,NA,NA,NA,NA,NA,NA,NA,NA,NA,0.0359028511087645,0.0051623264884708,0.00212992545260916,0.00323541932737335,0.000684228532329798,0.010989010989011,NA,0,0,0.00316957210776545,NA,NA,NA,NA,NA,NA,NA,NA,NA,NA,NA,NA,NA,NA,NA,NA
"Guatemala",NA,NA,NA,NA,NA,NA,NA,NA,NA,NA,NA,NA,NA,NA,NA,NA,NA,NA,NA,NA,NA,NA,NA,NA,NA,NA,NA,NA,NA,NA,NA,NA,NA,NA,NA,NA,NA,NA,NA,NA,NA,NA,0.0136091453456723,0.0134459240012991,0.00999869298130963,0.00681560015145778,0.0119196988707654,0.00892857142857143,0,0.00954773869346734,0,0.00980392156862745,0,0,0,NA,NA,NA,NA,NA,NA,NA,NA,NA,NA,NA,NA,NA
"Honduras",NA,NA,NA,NA,NA,NA,NA,NA,NA,NA,NA,NA,NA,NA,NA,NA,NA,NA,NA,NA,NA,NA,NA,NA,NA,NA,NA,NA,NA,NA,NA,NA,NA,NA,NA,NA,NA,NA,NA,NA,NA,NA,0,0.0417690417690418,0.0254173934712185,0.0202020202020202,0.0163239347042612,0.019774011299435,0.01,0.042483660130719,0.0535714285714286,0,0,NA,NA,NA,NA,NA,NA,NA,NA,NA,NA,NA,NA,NA,NA,NA
"Mexico",NA,NA,NA,NA,NA,NA,NA,NA,NA,NA,NA,NA,NA,NA,NA,NA,NA,NA,NA,NA,NA,NA,NA,NA,NA,NA,NA,NA,NA,NA,NA,NA,NA,NA,NA,NA,NA,NA,NA,NA,NA,NA,0.012639405204461,0.0121293800539084,0.0180171769977595,0.0137965016013797,0.008338405356056,0.00459558823529412,0.000424448217317487,0,NA,0,0,NA,NA,NA,NA,NA,NA,0,NA,0,0,0,0.0053475935828877,0,0,NA
"Nicaragua",NA,NA,NA,NA,NA,NA,NA,NA,NA,NA,NA,NA,NA,NA,NA,NA,NA,NA,NA,NA,NA,NA,NA,NA,NA,NA,NA,NA,NA,NA,NA,NA,NA,NA,NA,NA,NA,NA,NA,NA,NA,NA,0,0.0149983697424193,0.033177499622983,0.0171333589055108,0.0185835694050991,0.0380376821898329,0.0280592361652377,0.0201809324982603,0.0126811594202899,0,NA,NA,NA,NA,NA,NA,NA,NA,NA,NA,NA,NA,NA,NA,NA,NA
"Panama",NA,NA,NA,NA,NA,NA,NA,NA,NA,NA,NA,NA,NA,NA,NA,NA,NA,NA,NA,NA,NA,NA,NA,NA,NA,NA,NA,NA,NA,NA,NA,NA,NA,NA,NA,NA,NA,NA,NA,NA,NA,NA,0.0246179966044143,0.0202814569536424,0.0952380952380952,NA,NA,NA,NA,NA,NA,NA,NA,NA,NA,NA,NA,NA,NA,NA,NA,NA,NA,NA,NA,NA,NA,NA
"Peru",NA,NA,NA,NA,NA,NA,NA,NA,NA,NA,NA,NA,NA,NA,NA,NA,NA,NA,NA,NA,NA,NA,NA,NA,NA,NA,NA,NA,NA,NA,NA,NA,NA,NA,NA,NA,NA,NA,NA,NA,NA,NA,0.0090184212647491,0.00330667899618968,0.00794155019059721,0.00833089127977561,0.0076349511095236,0.00464807436918991,0.00832615561297732,0.0136155524126855,0.00388098318240621,0.00642398286937901,0,0,NA,NA,NA,NA,NA,NA,NA,NA,NA,NA,NA,NA,NA,NA
"Ukraine",NA,NA,NA,NA,NA,NA,NA,NA,NA,NA,NA,NA,NA,NA,NA,NA,NA,NA,NA,NA,NA,NA,NA,NA,NA,NA,NA,NA,NA,NA,NA,NA,NA,NA,NA,NA,NA,NA,NA,NA,NA,NA,0,NA,NA,0.02460024600246,0.019047619047619,NA,NA,NA,0,NA,NA,NA,NA,NA,NA,NA,NA,NA,NA,NA,0,NA,NA,NA,NA,NA
"Venezuela (Bolivarian Republic of)",NA,NA,NA,NA,NA,NA,NA,NA,NA,NA,NA,NA,NA,NA,NA,NA,NA,NA,NA,NA,NA,NA,NA,NA,NA,NA,NA,NA,NA,NA,NA,NA,NA,NA,NA,NA,NA,NA,NA,NA,NA,NA,0.133333333333333,0.023926812104152,0.0244498777506112,NA,NA,0.033457249070632,0.0231281850254802,0.0223642172523962,0.0212765957446809,0,NA,NA,NA,NA,NA,NA,NA,NA,NA,NA,0,NA,0,NA,NA,NA
"Argentina",NA,NA,NA,NA,NA,NA,NA,NA,NA,NA,NA,NA,NA,NA,NA,NA,NA,NA,NA,NA,NA,NA,NA,NA,NA,NA,NA,NA,NA,NA,NA,NA,NA,NA,NA,NA,NA,NA,NA,NA,NA,NA,NA,Inf,0.014468085106383,0.0168728908886389,0.00531914893617021,0.0105485232067511,0.0188383045525903,0,NA,NA,NA,NA,NA,NA,NA,NA,NA,NA,NA,NA,NA,NA,NA,NA,NA,NA
"Belize",NA,NA,NA,NA,NA,NA,NA,NA,NA,NA,NA,NA,NA,NA,NA,NA,NA,NA,NA,NA,NA,NA,NA,NA,NA,NA,NA,NA,NA,NA,NA,NA,NA,NA,NA,NA,NA,NA,NA,NA,NA,NA,NA,0.0251572327044025,0.0222222222222222,0.166666666666667,0.0526315789473684,0,0,0.0357142857142857,0,NA,NA,NA,NA,NA,NA,NA,NA,NA,NA,NA,NA,NA,NA,NA,NA,NA
"Costa Rica",NA,NA,NA,NA,NA,NA,NA,NA,NA,NA,NA,NA,NA,NA,NA,NA,NA,NA,NA,NA,NA,NA,NA,NA,NA,NA,NA,NA,NA,NA,NA,NA,NA,NA,NA,NA,NA,NA,NA,NA,NA,NA,NA,0,0,0,0,0.0526315789473684,0,NA,NA,NA,NA,NA,NA,NA,NA,NA,NA,NA,NA,NA,NA,NA,NA,NA,NA,NA
"Guyana",NA,NA,NA,NA,NA,NA,NA,NA,NA,NA,NA,NA,NA,NA,NA,NA,NA,NA,NA,NA,NA,NA,NA,NA,NA,NA,NA,NA,NA,NA,NA,NA,NA,NA,NA,NA,NA,NA,NA,NA,NA,NA,NA,0.0138888888888889,0.0303030303030303,NA,NA,NA,NA,NA,NA,NA,NA,NA,NA,NA,NA,NA,NA,NA,NA,NA,NA,NA,NA,NA,NA,NA
"Suriname",NA,NA,NA,NA,NA,NA,NA,NA,NA,NA,NA,NA,NA,NA,NA,NA,NA,NA,NA,NA,NA,NA,NA,NA,NA,NA,NA,NA,NA,NA,NA,NA,NA,NA,NA,NA,NA,NA,NA,NA,NA,NA,NA,0.0833333333333333,NA,NA,NA,NA,NA,NA,NA,NA,NA,NA,NA,NA,NA,NA,NA,NA,NA,NA,NA,NA,NA,NA,NA,NA
"Andorra",NA,NA,NA,NA,NA,NA,NA,NA,NA,NA,NA,NA,NA,NA,NA,NA,NA,NA,NA,NA,NA,NA,NA,NA,NA,NA,NA,NA,NA,NA,NA,NA,NA,NA,NA,NA,NA,NA,NA,NA,NA,NA,NA,NA,NA,NA,NA,NA,NA,NA,NA,NA,NA,NA,NA,NA,NA,NA,NA,NA,NA,NA,NA,NA,NA,NA,NA,NA
"Estonia",NA,NA,NA,NA,NA,NA,NA,NA,NA,NA,NA,NA,NA,NA,NA,NA,NA,NA,NA,NA,NA,NA,NA,NA,NA,NA,NA,NA,NA,NA,NA,NA,NA,NA,NA,NA,NA,NA,NA,NA,NA,NA,NA,NA,0,NA,NA,NA,NA,NA,NA,NA,NA,NA,NA,NA,NA,NA,NA,NA,NA,NA,NA,NA,NA,NA,NA,NA
"Georgia",NA,NA,NA,NA,NA,NA,NA,NA,NA,NA,NA,NA,NA,NA,NA,NA,NA,NA,NA,NA,NA,NA,NA,NA,NA,NA,NA,NA,NA,NA,NA,NA,NA,NA,NA,NA,NA,NA,NA,NA,NA,NA,NA,NA,0,NA,NA,NA,NA,NA,NA,NA,NA,NA,NA,NA,NA,NA,NA,NA,NA,NA,NA,NA,NA,NA,NA,NA
"Kazakhstan",NA,NA,NA,NA,NA,NA,NA,NA,NA,NA,NA,NA,NA,NA,NA,NA,NA,NA,NA,NA,NA,NA,NA,NA,NA,NA,NA,NA,NA,NA,NA,NA,NA,NA,NA,NA,NA,NA,NA,NA,NA,NA,NA,NA,0,0,0,NA,0,NA,NA,NA,0,NA,NA,NA,NA,NA,NA,0,NA,NA,NA,NA,NA,NA,NA,NA
"Paraguay",NA,NA,NA,NA,NA,NA,NA,NA,NA,NA,NA,NA,NA,NA,NA,NA,NA,NA,NA,NA,NA,NA,NA,NA,NA,NA,NA,NA,NA,NA,NA,NA,NA,NA,NA,NA,NA,NA,NA,NA,NA,NA,NA,NA,0,NA,NA,0,NA,NA,NA,NA,NA,NA,NA,NA,NA,NA,NA,NA,0,NA,NA,NA,NA,NA,NA,NA
"Republic of Moldova",NA,NA,NA,NA,NA,NA,NA,NA,NA,NA,NA,NA,NA,NA,NA,NA,NA,NA,NA,NA,NA,NA,NA,NA,NA,NA,NA,NA,NA,NA,NA,NA,NA,NA,NA,NA,NA,NA,NA,NA,NA,NA,NA,NA,0,0,0.0208333333333333,NA,NA,NA,NA,NA,NA,NA,NA,NA,NA,NA,NA,NA,NA,NA,NA,NA,NA,NA,NA,NA
"Tajikistan",NA,NA,NA,NA,NA,NA,NA,NA,NA,NA,NA,NA,NA,NA,NA,NA,NA,NA,NA,NA,NA,NA,NA,NA,NA,NA,NA,NA,NA,NA,NA,NA,NA,NA,NA,NA,NA,NA,NA,NA,NA,NA,NA,NA,0.0303030303030303,0,NA,NA,NA,NA,NA,NA,NA,NA,NA,NA,NA,NA,NA,NA,NA,NA,NA,NA,NA,NA,NA,NA
"Albania",NA,NA,NA,NA,NA,NA,NA,NA,NA,NA,NA,NA,NA,NA,NA,NA,NA,NA,NA,NA,NA,NA,NA,NA,NA,NA,NA,NA,NA,NA,NA,NA,NA,NA,NA,NA,NA,NA,NA,NA,NA,NA,NA,NA,NA,0.0399361022364217,NA,NA,NA,NA,NA,NA,NA,NA,NA,NA,NA,NA,NA,NA,NA,NA,NA,NA,NA,NA,NA,NA
"Azerbaijan",NA,NA,NA,NA,NA,NA,NA,NA,NA,NA,NA,NA,NA,NA,NA,NA,NA,NA,NA,NA,NA,NA,NA,NA,NA,NA,NA,NA,NA,NA,NA,NA,NA,NA,NA,NA,NA,NA,NA,NA,NA,NA,NA,NA,NA,0,NA,NA,NA,NA,NA,NA,NA,NA,NA,NA,NA,NA,NA,NA,NA,NA,NA,NA,NA,NA,NA,NA
"Belarus",NA,NA,NA,NA,NA,NA,NA,NA,NA,NA,NA,NA,NA,NA,NA,NA,NA,NA,NA,NA,NA,NA,NA,NA,NA,NA,NA,NA,NA,NA,NA,NA,NA,NA,NA,NA,NA,NA,NA,NA,NA,NA,NA,NA,NA,0,0,NA,NA,NA,NA,NA,NA,NA,NA,NA,NA,NA,NA,NA,NA,NA,NA,NA,NA,NA,NA,NA
"Kyrgyzstan",NA,NA,NA,NA,NA,NA,NA,NA,NA,NA,NA,NA,NA,NA,NA,NA,NA,NA,NA,NA,NA,NA,NA,NA,NA,NA,NA,NA,NA,NA,NA,NA,NA,NA,NA,NA,NA,NA,NA,NA,NA,NA,NA,NA,NA,0,NA,NA,NA,NA,NA,NA,NA,NA,NA,NA,NA,NA,NA,NA,NA,NA,NA,NA,NA,NA,NA,NA
"Turkmenistan",NA,NA,NA,NA,NA,NA,NA,NA,NA,NA,NA,NA,NA,NA,NA,NA,NA,NA,NA,NA,NA,NA,NA,NA,NA,NA,NA,NA,NA,NA,NA,NA,NA,NA,NA,NA,NA,NA,NA,NA,NA,NA,NA,NA,NA,0,NA,NA,0,NA,NA,NA,0.0106951871657754,0.0666666666666667,NA,NA,NA,NA,NA,NA,NA,NA,NA,NA,NA,NA,NA,NA
"Uzbekistan",NA,NA,NA,NA,NA,NA,NA,NA,NA,NA,NA,NA,NA,NA,NA,NA,NA,NA,NA,NA,NA,NA,NA,NA,NA,NA,NA,NA,NA,NA,NA,NA,NA,NA,NA,NA,NA,NA,NA,NA,NA,NA,NA,NA,NA,0,NA,NA,NA,NA,NA,NA,NA,NA,NA,NA,NA,NA,NA,NA,NA,NA,NA,NA,NA,NA,NA,NA
"Mongolia",NA,NA,NA,NA,NA,NA,NA,NA,NA,NA,NA,NA,NA,NA,NA,NA,NA,NA,NA,NA,NA,NA,NA,NA,NA,NA,NA,NA,NA,NA,NA,NA,NA,NA,NA,NA,NA,NA,NA,NA,NA,NA,NA,NA,NA,NA,NA,0.0677966101694915,NA,NA,NA,NA,NA,NA,NA,NA,NA,NA,NA,NA,NA,NA,NA,NA,NA,NA,NA,NA
"Central African Republic",NA,NA,NA,NA,NA,NA,NA,NA,NA,NA,NA,NA,NA,NA,NA,NA,NA,NA,NA,NA,NA,NA,NA,NA,NA,NA,NA,NA,NA,NA,NA,NA,NA,NA,NA,NA,NA,NA,NA,NA,NA,NA,NA,NA,NA,NA,NA,NA,0.169300225733634,0.136363636363636,NA,NA,NA,NA,NA,0.15,NA,NA,NA,NA,NA,NA,0.128205128205128,0,NA,NA,NA,NA
"Hungary",NA,NA,NA,NA,NA,NA,NA,NA,NA,NA,NA,NA,NA,NA,NA,NA,NA,NA,NA,NA,NA,NA,NA,NA,NA,NA,NA,NA,NA,NA,NA,NA,NA,NA,NA,NA,NA,NA,NA,NA,NA,NA,NA,NA,NA,NA,NA,NA,0,NA,NA,NA,NA,NA,NA,NA,NA,NA,NA,NA,NA,NA,NA,NA,NA,NA,NA,NA
"Armenia",NA,NA,NA,NA,NA,NA,NA,NA,NA,NA,NA,NA,NA,NA,NA,NA,NA,NA,NA,NA,NA,NA,NA,NA,NA,NA,NA,NA,NA,NA,NA,NA,NA,NA,NA,NA,NA,NA,NA,NA,NA,NA,NA,NA,NA,NA,NA,NA,NA,0,NA,NA,NA,NA,NA,NA,NA,NA,NA,NA,NA,NA,NA,NA,NA,NA,NA,NA
"Marshall Islands",NA,NA,NA,NA,NA,NA,NA,NA,NA,NA,NA,NA,NA,NA,NA,NA,NA,NA,NA,NA,NA,NA,NA,NA,NA,NA,NA,NA,NA,NA,NA,NA,NA,NA,NA,NA,NA,NA,NA,NA,NA,NA,NA,NA,NA,NA,NA,NA,NA,NA,NA,0.02,NA,NA,NA,NA,NA,NA,NA,NA,NA,NA,NA,NA,NA,NA,NA,NA
"Ireland",NA,NA,NA,NA,NA,NA,NA,NA,NA,NA,NA,NA,NA,NA,NA,NA,NA,NA,NA,NA,NA,NA,NA,NA,NA,NA,NA,NA,NA,NA,NA,NA,NA,NA,NA,NA,NA,NA,NA,NA,NA,NA,NA,NA,NA,NA,NA,NA,NA,NA,NA,NA,0,NA,NA,NA,NA,NA,NA,NA,NA,NA,NA,NA,NA,NA,NA,NA
"Tonga",NA,NA,NA,NA,NA,NA,NA,NA,NA,NA,NA,NA,NA,NA,NA,NA,NA,NA,NA,NA,NA,NA,NA,NA,NA,NA,NA,NA,NA,NA,NA,NA,NA,NA,NA,NA,NA,NA,NA,NA,NA,NA,NA,NA,NA,NA,NA,NA,NA,NA,NA,NA,0.0137931034482759,NA,NA,NA,NA,NA,NA,NA,NA,NA,NA,NA,NA,NA,NA,NA
"Qatar",NA,NA,NA,NA,NA,NA,NA,NA,NA,NA,NA,NA,NA,NA,NA,NA,NA,NA,NA,NA,NA,NA,NA,NA,NA,NA,NA,NA,NA,NA,NA,NA,NA,NA,NA,NA,NA,NA,NA,NA,NA,NA,NA,NA,NA,NA,NA,NA,NA,NA,NA,NA,NA,0,NA,0,0,NA,NA,NA,NA,NA,NA,NA,NA,NA,NA,NA
"Botswana",NA,NA,NA,NA,NA,NA,NA,NA,NA,NA,NA,NA,NA,NA,NA,NA,NA,NA,NA,NA,NA,NA,NA,NA,NA,NA,NA,NA,NA,NA,NA,NA,NA,NA,NA,NA,NA,NA,NA,NA,NA,NA,NA,NA,NA,NA,NA,NA,NA,NA,NA,NA,NA,NA,NA,NA,NA,NA,NA,0.125,0.133333333333333,NA,NA,NA,NA,NA,NA,NA
"Eritrea",NA,NA,NA,NA,NA,NA,NA,NA,NA,NA,NA,NA,NA,NA,NA,NA,NA,NA,NA,NA,NA,NA,NA,NA,NA,NA,NA,NA,NA,NA,NA,NA,NA,NA,NA,NA,NA,NA,NA,NA,NA,NA,NA,NA,NA,NA,NA,NA,NA,NA,NA,NA,NA,NA,NA,NA,NA,NA,0.0756302521008403,0,NA,NA,NA,NA,NA,NA,NA,NA
"Lesotho",NA,NA,NA,NA,NA,NA,NA,NA,NA,NA,NA,NA,NA,NA,NA,NA,NA,NA,NA,NA,NA,NA,NA,NA,NA,NA,NA,NA,NA,NA,NA,NA,NA,NA,NA,NA,NA,NA,NA,NA,NA,NA,NA,NA,NA,NA,NA,NA,NA,NA,NA,NA,NA,NA,NA,NA,NA,NA,NA,NA,NA,NA,NA,NA,NA,NA,NA,NA
"Mauritius",NA,NA,NA,NA,NA,NA,NA,NA,NA,NA,NA,NA,NA,NA,NA,NA,NA,NA,NA,NA,NA,NA,NA,NA,NA,NA,NA,NA,NA,NA,NA,NA,NA,NA,NA,NA,NA,NA,NA,NA,NA,NA,NA,NA,NA,NA,NA,NA,NA,NA,NA,NA,NA,NA,NA,NA,NA,NA,NA,NA,NA,NA,NA,NA,NA,NA,NA,NA
"Namibia",NA,NA,NA,NA,NA,NA,NA,NA,NA,NA,NA,NA,NA,NA,NA,NA,NA,NA,NA,NA,NA,NA,NA,NA,NA,NA,NA,NA,NA,NA,NA,NA,NA,NA,NA,NA,NA,NA,NA,NA,NA,NA,NA,NA,NA,NA,NA,NA,NA,NA,NA,NA,NA,NA,NA,NA,NA,0.027027027027027,0,0.0108695652173913,0.0188679245283019,NA,NA,NA,0,0.0268041237113402,NA,NA
"Seychelles",NA,NA,NA,NA,NA,NA,NA,NA,NA,NA,NA,NA,NA,NA,NA,NA,NA,NA,NA,NA,NA,NA,NA,NA,NA,NA,NA,NA,NA,NA,NA,NA,NA,NA,NA,NA,NA,NA,NA,NA,NA,NA,NA,NA,NA,NA,NA,NA,NA,NA,NA,NA,NA,NA,NA,NA,NA,NA,0.00561797752808989,NA,NA,NA,NA,NA,NA,NA,NA,NA
"Slovenia",NA,NA,NA,NA,NA,NA,NA,NA,NA,NA,NA,NA,NA,NA,NA,NA,NA,NA,NA,NA,NA,NA,NA,NA,NA,NA,NA,NA,NA,NA,NA,NA,NA,NA,NA,NA,NA,NA,NA,NA,NA,NA,NA,NA,NA,NA,NA,NA,NA,NA,NA,NA,NA,NA,NA,NA,NA,NA,NA,NA,NA,NA,NA,NA,NA,NA,NA,NA
"Dominican Republic",NA,NA,NA,NA,NA,NA,NA,NA,NA,NA,NA,NA,NA,NA,NA,NA,NA,NA,NA,NA,NA,NA,NA,NA,NA,NA,NA,NA,NA,NA,NA,NA,NA,NA,NA,NA,NA,NA,NA,NA,NA,NA,NA,NA,NA,NA,NA,NA,NA,NA,NA,NA,NA,NA,NA,NA,NA,NA,NA,NA,NA,0,0.0161143350438828,0.00858694279580755,0.0214943705220061,0.0182421227197347,0.0274725274725275,0.0232959447799827
"Haiti",NA,NA,NA,NA,NA,NA,NA,NA,NA,NA,NA,NA,NA,NA,NA,NA,NA,NA,NA,NA,NA,NA,NA,NA,NA,NA,NA,NA,NA,NA,NA,NA,NA,NA,NA,NA,NA,NA,NA,NA,NA,NA,NA,NA,NA,NA,NA,NA,NA,NA,NA,NA,NA,NA,NA,NA,NA,NA,NA,NA,NA,0.0222434064188116,0.00843052384436589,0.00797673007601984,0.0100834906221837,0.0106655136381652,0.00893327784713552,0.0107916274353589
"Bahamas",NA,NA,NA,NA,NA,NA,NA,NA,NA,NA,NA,NA,NA,NA,NA,NA,NA,NA,NA,NA,NA,NA,NA,NA,NA,NA,NA,NA,NA,NA,NA,NA,NA,NA,NA,NA,NA,NA,NA,NA,NA,NA,NA,NA,NA,NA,NA,NA,NA,NA,NA,NA,NA,NA,NA,NA,NA,NA,NA,NA,NA,NA,0,0,NA,NA,NA,NA
"Cuba",NA,NA,NA,NA,NA,NA,NA,NA,NA,NA,NA,NA,NA,NA,NA,NA,NA,NA,NA,NA,NA,NA,NA,NA,NA,NA,NA,NA,NA,NA,NA,NA,NA,NA,NA,NA,NA,NA,NA,NA,NA,NA,NA,NA,NA,NA,NA,NA,NA,NA,NA,NA,NA,NA,NA,NA,NA,NA,NA,NA,NA,NA,NA,0.00719424460431655,0,0,0,NA
"South Sudan",NA,NA,NA,NA,NA,NA,NA,NA,NA,NA,NA,NA,NA,NA,NA,NA,NA,NA,NA,NA,NA,NA,NA,NA,NA,NA,NA,NA,NA,NA,NA,NA,NA,NA,NA,NA,NA,NA,NA,NA,NA,NA,NA,NA,NA,NA,NA,NA,NA,NA,NA,NA,NA,NA,NA,NA,NA,NA,NA,NA,NA,NA,NA,NA,NA,0.0260084099049992,0.0258525852585259,0.0190919674039581
