country,year,reported_cases, reported_deaths,Cholera case fatality rate,Fatalities
Afghanistan,2016,677,5,0.7,473.9
Afghanistan,2015,58064,8,0.01,580.64
Afghanistan,2014,45481,4,0,0
Afghanistan,2013,3957,14,0.35,1384.95
Afghanistan,2012,12,0,0.1,1.2
Afghanistan,2011,3733,44,1.18,4404.94
Afghanistan,2010,2369,10,0.42,994.98
Afghanistan,2009,662,11,1.66,1098.92
Afghanistan,2008,4384,22,0.5,2192
Afghanistan,2005,33,0,0,0
Afghanistan,2003,41,7,17.07,699.87
Afghanistan,2002,3,0,0,0
Afghanistan,2001,4499,114,2.53,11382.47
Afghanistan,2000,4330,198,4.57,19788.1
Afghanistan,1999,24639,152,0.62,15276.18
Afghanistan,1998,10000,0,0,0
Afghanistan,1997,4170,125,3,12510
Afghanistan,1995,19903,624,3.14,62495.42
Afghanistan,1994,38735,118,0.3,11620.5
Afghanistan,1993,37046,931,2.51,92985.46
Afghanistan,1965,218,55,25.23,5500.14
Afghanistan,1960,887,199,22.44,19904.28
Albania,1994,626,25,3.99,2497.74
Algeria,2006,0,0,0,0
Algeria,2005,0,0,0,0
Algeria,1994,118,4,3.39,400.02
Algeria,1992,69,0,0,0
Algeria,1990,1299,20,1.54,2000.46
Algeria,1989,393,0,0,0
Algeria,1988,699,30,4.29,2998.71
Algeria,1987,1507,0,0,0
Algeria,1984,45,0,0,0
Algeria,1983,218,9,4.13,900.34
Algeria,1980,614,18,2.93,1799.02
Algeria,1979,2513,94,3.74,9398.62
Algeria,1978,220,13,5.91,1300.2
Algeria,1977,262,9,3.44,901.28
Algeria,1976,286,30,10.49,3000.14
Algeria,1975,1165,118,10.13,11801.45
Algeria,1974,738,50,6.78,5003.64
Algeria,1973,605,74,12.23,7399.15
Algeria,1972,646,71,10.99,7099.54
Algeria,1971,1332,110,8.26,11002.32
Andorra,1993,0,0,0,0
Angola,2016,78,3,3.8,296.4
Angola,2014,213,3,1.4,298.2
Angola,2013,6655,86,1.29,8584.95
Angola,2012,1215,98,8.07,9805.05
Angola,2011,1810,110,6.08,11004.8
Angola,2010,1484,30,2.02,2997.68
Angola,2009,2019,88,4.36,8802.84
Angola,2008,10511,243,2.31,24280.41
Angola,2007,18422,513,2.78,51213.16
Angola,2006,67257,2722,4.05,272390.85
Angola,2005,0,0,0,0
Angola,1996,1306,42,3.22,4205.32
Angola,1995,3295,248,7.53,24811.35
Angola,1994,3443,187,5.43,18695.49
Angola,1992,3608,184,5.1,18400.8
Angola,1991,8590,582,6.78,58240.2
Angola,1990,9527,809,8.49,80884.23
Angola,1989,17601,925,5.26,92581.26
Angola,1988,15500,1542,9.95,154225
Angola,1987,16222,1403,8.65,140320.3
Angola,1977,726,31,4.27,3100.02
Angola,1975,88,4,4.55,400.4
Angola,1974,934,34,3.64,3399.76
Angola,1973,263,9,3.42,899.46
Angola,1972,268,24,8.96,2401.28
Angola,1971,1,0,0,0
Argentina,1998,12,0,0,0
Argentina,1997,637,12,1.88,1197.56
Argentina,1996,474,5,1.05,497.7
Argentina,1995,188,1,0.53,99.64
Argentina,1994,889,15,1.69,1502.41
Argentina,1993,2350,34,1.45,3407.5
Argentina,1992,0,15,0,0
Armenia,1998,25,0,0,0
Australia,2016,1,0,0,0
Australia,2015,2,0,0,0
Australia,2014,2,0,0,0
Australia,2013,3,0,0,0
Australia,2012,5,0,0,0
Australia,2011,6,0,0,0
Australia,2010,3,0,0,0
Australia,2007,3,0,0,0
Australia,2006,3,0,0,0
Australia,2005,2,0,0,0
Australia,2004,2,0,0,0
Australia,2002,5,0,0,0
Australia,2001,2,0,0,0
Australia,2000,1,0,0,0
Australia,1999,4,0,0,0
Australia,1998,5,0,0,0
Australia,1997,2,0,0,0
Australia,1996,2,0,0,0
Australia,1995,5,0,0,0
Australia,1994,3,0,0,0
Australia,1993,5,0,0,0
Australia,1992,3,0,0,0
Australia,1988,1,0,0,0
Australia,1987,1,0,0,0
Australia,1985,2,0,0,0
Australia,1984,1,0,0,0
Australia,1983,4,0,0,0
Australia,1982,1,0,0,0
Australia,1981,2,0,0,0
Australia,1980,2,0,0,0
Australia,1979,1,0,0,0
Australia,1978,1,0,0,0
Australia,1977,2,0,0,0
Australia,1972,40,0,0,0
Australia,1990,0,0,0,0
Australia,1969,0,0,0,0
Austria,2005,1,0,0,0
Austria,2002,1,0,0,0
Austria,2001,0,0,0,0
Austria,1999,1,0,0,0
Austria,1998,1,0,0,0
Austria,1996,1,0,0,0
Austria,1994,1,0,0,0
Austria,1993,1,0,0,0
Austria,1990,2,0,0,0
Austria,1982,0,0,0,0
Azerbaijan,1994,18,0,0,0
Bahamas,2012,1,0,0,0
Bahamas,2011,1,0,0,0
Bahrain,2015,8,0,0,0
Bahrain,1979,39,0,0,0
Bahrain,1978,906,2,0.22,199.32
Bahrain,1973,37,0,0,0
Bahrain,1972,74,4,5.41,400.34
Bahrain,1965,1,0,0,0
Bangladesh,2000,1021,16,1.57,1602.97
Bangladesh,1999,3440,63,1.83,6295.2
Bangladesh,1998,1067,26,2.44,2603.48
Bangladesh,1997,1959,95,4.85,9501.15
Bangladesh,1996,418,0,0,0
Bangladesh,1995,2297,61,2.66,6110.02
Bangladesh,1994,562,41,7.3,4102.6
Bangladesh,1993,78,0,0,0
Bangladesh,1992,479,29,6.05,2897.95
Bangladesh,1991,8,0,0,0
Bangladesh,1990,82,4,4.88,400.16
Bangladesh,1989,94,2,2.13,200.22
Bangladesh,1988,571,43,7.53,4299.63
Bangladesh,1987,523,23,4.4,2301.2
Bangladesh,1979,2154,21,0.97,2089.38
Bangladesh,1978,5576,81,1.45,8085.2
Bangladesh,1977,10403,354,3.4,35370.2
Bangladesh,1976,957,62,6.48,6201.36
Bangladesh,1975,4888,117,2.39,11682.32
Bangladesh,1974,5614,173,3.08,17291.12
Bangladesh,1973,1969,369,18.74,36899.06
Bangladesh,1972,1059,201,18.98,20099.82
Bangladesh,1971,2342,386,16.48,38596.16
Bangladesh,1970,7419,1889,25.46,188887.74
Bangladesh,1969,7411,1556,21,155631
Bangladesh,1968,3156,614,19.46,61415.76
Bangladesh,1967,664,369,55.57,36898.48
Bangladesh,1966,3154,1234,39.12,123384.48
Bangladesh,1965,1123,683,60.82,68300.86
Bangladesh,1964,3333,2419,72.58,241909.14
Bangladesh,1963,3975,1248,31.4,124815
Bangladesh,1962,2524,1304,51.66,130389.84
Bangladesh,1961,2663,1703,63.95,170298.85
Bangladesh,1960,15618,6272,40.16,627218.88
Bangladesh,1959,16915,11056,65.36,1105564.4
Bangladesh,1958,15631,10119,64.74,1011950.94
Bangladesh,1957,8054,5134,63.74,513361.96
Bangladesh,1956,23699,15310,64.6,1530955.4
Bangladesh,1955,16642,9802,58.9,980213.8
Bangladesh,1954,15617,9443,60.47,944359.99
Bangladesh,1953,27631,16904,61.18,1690464.58
Bangladesh,1952,21154,12884,60.91,1288490.14
Bangladesh,1951,20894,12372,59.21,1237133.74
Bangladesh,1950,29809,12947,43.43,1294604.87
Belarus,1995,3,0,0,0
Belarus,1994,3,0,0,0
Belgium,2005,2,0,0,0
Belgium,2004,1,0,0,0
Belgium,1994,1,0,0,0
Belgium,1993,1,0,0,0
Belgium,1992,1,0,0,0
Belgium,1985,1,0,0,0
Belgium,1984,1,0,0,0
Belgium,1983,1,0,0,0
Belgium,1980,1,0,0,0
Belgium,1981,0,0,0,0
Belize,1999,12,0,0,0
Belize,1998,28,1,3.57,99.96
Belize,1997,2,0,0,0
Belize,1996,26,0,0,0
Belize,1995,19,1,5.26,99.94
Belize,1994,6,1,16.67,100.02
Belize,1993,135,3,2.22,299.7
Belize,1992,159,4,2.52,400.68
Benin,2016,761,13,1.7,1293.7
Benin,2014,832,12,1.4,1164.8
Benin,2013,528,6,1.14,601.92
Benin,2012,625,3,0.48,300
Benin,2011,755,4,0.53,400.15
Benin,2010,983,8,0.81,796.23
Benin,2009,74,1,1.35,99.9
Benin,2008,985,5,0.51,502.35
Benin,2006,91,1,1.1,100.1
Benin,2005,749,11,1.47,1101.03
Benin,2004,642,9,1.4,898.8
Benin,2003,434,11,2.53,1098.02
Benin,2002,270,13,4.81,1298.7
Benin,2001,3943,71,1.8,7097.4
Benin,2000,468,11,2.35,1099.8
Benin,1999,855,25,2.92,2496.6
Benin,1998,206,1,0.49,100.94
Benin,1997,796,16,2.01,1599.96
Benin,1996,6190,203,3.28,20303.2
Benin,1995,203,12,5.91,1199.73
Benin,1994,187,20,10.7,2000.9
Benin,1993,10,2,20,200
Benin,1992,413,17,4.12,1701.56
Benin,1991,7474,259,3.47,25934.78
Benin,1986,243,13,5.35,1300.05
Benin,1984,1,0,0,0
Benin,1983,1,0,0,0
Benin,1982,3,0,0,0
Benin,1981,2,0,0,0
Benin,1980,3,0,0,0
Benin,1978,27,0,0,0
Benin,1977,2,0,0,0
Benin,1976,146,14,9.59,1400.14
Benin,1975,45,1,2.22,99.9
Benin,1974,73,4,5.48,400.04
Benin,1973,3,2,66.67,200.01
Benin,1972,250,29,11.6,2900
Benin,1971,2133,274,12.85,27409.05
Benin,1970,175,37,21.14,3699.5
Bhutan,1998,19,0,0,0
Bhutan,1995,25,0,0,0
Bhutan,1992,494,6,1.21,597.74
Bhutan,1991,422,19,4.5,1899
Bhutan,1958,0,0,0,0
Bolivia (Plurinational State of),1998,466,7,1.5,699
Bolivia (Plurinational State of),1997,1632,18,1.1,1795.2
Bolivia (Plurinational State of),1996,2847,68,2.39,6804.33
Bolivia (Plurinational State of),1995,2293,54,2.36,5411.48
Bolivia (Plurinational State of),1994,2710,46,1.7,4607
Bolivia (Plurinational State of),1993,10134,254,2.51,25436.34
Bolivia (Plurinational State of),1992,22260,395,1.77,39400.2
Bolivia (Plurinational State of),1991,206,12,5.83,1200.98
Botswana,2009,15,2,13.33,199.95
Botswana,2008,8,1,12.5,100
Botswana,2006,0,0,0,0
Botswana,2005,0,0,0,0
Brazil,2011,1,0,0,0
Brazil,2005,5,0,0,0
Brazil,2004,21,0,0,0
Brazil,2001,7,0,0,0
Brazil,2000,715,17,2.38,1701.7
Brazil,1999,4495,83,1.85,8315.75
Brazil,1998,2571,27,1.05,2699.55
Brazil,1997,2881,37,1.28,3687.68
Brazil,1996,5522,33,0.6,3313.2
Brazil,1995,15915,85,0.53,8434.95
Brazil,1994,49455,452,0.91,45004.05
Brazil,1993,59212,644,1.09,64541.08
Brazil,1992,30317,363,1.2,36380.4
Brazil,1991,2103,33,1.57,3301.71
Brunei Darussalam,2011,3,0,0,0
Brunei Darussalam,1999,93,0,0,0
Brunei Darussalam,1982,6,0,0,0
Brunei Darussalam,1970,24,0,0,0
Brunei Darussalam,1965,198,6,3.03,599.94
Brunei Darussalam,1955,1,0,0,0
Burkina Faso,2012,143,7,4.9,700.7
Burkina Faso,2011,20,2,10,200
Burkina Faso,2008,0,0,0,0
Burkina Faso,2006,0,0,0,0
Burkina Faso,2005,1050,16,1.52,1596
Burkina Faso,2003,1,0,0,0
Burkina Faso,2001,477,7,1.47,701.19
Burkina Faso,2000,617,14,2.27,1400.59
Burkina Faso,1999,93,7,7.53,700.29
Burkina Faso,1998,1036,52,5.02,5200.72
Burkina Faso,1996,425,58,13.65,5801.25
Burkina Faso,1995,1451,113,7.79,11303.29
Burkina Faso,1991,537,61,11.36,6100.32
Burkina Faso,1985,1149,156,13.58,15603.42
Burkina Faso,1984,2191,117,5.34,11699.94
Burkina Faso,1978,1,0,0,0
Burkina Faso,1975,3,3,100,300
Burkina Faso,1974,632,66,10.44,6598.08
Burkina Faso,1973,1118,249,22.27,24897.86
Burkina Faso,1972,1,0,0,0
Burkina Faso,1971,1761,495,28.11,49501.71
Burkina Faso,1970,1,1,100,100
Burundi,2016,434,5,1.2,520.8
Burundi,2015,442,0,0,0
Burundi,2014,582,9,1.5,873
Burundi,2013,1557,17,1.09,1697.13
Burundi,2012,214,1,0.47,100.58
Burundi,2011,1072,1,0.09,96.48
Burundi,2010,333,1,0.3,99.9
Burundi,2009,355,0,0,0
Burundi,2008,234,4,1.71,400.14
Burundi,2007,365,2,0.55,200.75
Burundi,2006,886,7,0.79,699.94
Burundi,2005,1309,18,1.38,1806.42
Burundi,2004,819,14,1.71,1400.49
Burundi,2003,432,18,4.17,1801.44
Burundi,2002,577,8,1.39,802.03
Burundi,2001,1003,20,1.99,1995.97
Burundi,2000,1021,16,1.57,1602.97
Burundi,1999,3440,63,1.83,6295.2
Burundi,1998,1067,26,2.44,2603.48
Burundi,1997,1959,95,4.85,9501.15
Burundi,1996,418,0,0,0
Burundi,1995,2297,0,0,0
Burundi,1994,562,41,7.3,4102.6
Burundi,1993,78,0,0,0
Burundi,1992,479,29,6.05,2897.95
Burundi,1991,3,0,0,0
Burundi,1990,82,0,0,0
Burundi,1985,259,15,5.79,1499.61
Burundi,1984,180,10,5.56,1000.8
Burundi,1983,512,35,6.84,3502.08
Burundi,1982,415,9,2.17,900.55
Burundi,1981,582,11,1.89,1099.98
Burundi,1980,2039,28,1.37,2793.43
Burundi,1979,915,31,3.39,3101.85
Burundi,1978,8297,248,2.99,24808.03
Cabo Verde,2006,0,0,0,0
Cabo Verde,2005,0,0,0,0
Cabo Verde,1998,133,1,0.75,99.75
Cabo Verde,1996,428,3,0.7,299.6
Cabo Verde,1995,12913,240,1.86,24018.18
Cabo Verde,1994,128,12,9.38,1200.64
Cabo Verde,1976,219,17,7.76,1699.44
Cabo Verde,1975,20,3,15,300
Cabo Verde,1974,303,8,2.64,799.92
Cambodia,2010,588,1,0.17,99.96
Cambodia,2009,39,0,0,0
Cambodia,2004,57,1,1.75,99.75
Cambodia,1999,1711,130,7.6,13003.6
Cambodia,1998,1197,66,5.51,6595.47
Cambodia,1997,155,0,0,0
Cambodia,1996,740,20,2.7,1998
Cambodia,1995,4190,123,2.94,12318.6
Cambodia,1994,3085,211,6.84,21101.4
Cambodia,1993,2252,104,4.62,10404.24
Cambodia,1992,1229,120,9.76,11995.04
Cambodia,1991,770,97,12.6,9702
Cambodia,1990,5,0,0,0
Cambodia,1989,47,2,4.26,200.22
Cambodia,1988,56,0,0,0
Cambodia,1987,474,55,11.6,5498.4
Cambodia,1975,66,0,0,0
Cambodia,1974,145,1,0.69,100.05
Cambodia,1973,159,14,8.81,1400.79
Cambodia,1968,8,1,12.5,100
Cambodia,1967,4,0,0,0
Cambodia,1966,62,5,8.06,499.72
Cambodia,1964,187,27,14.44,2700.28
Cambodia,1963,52,13,25,1300
Cambodia,1958,3,0,0,0
Cambodia,1957,6,1,16.67,100.02
Cambodia,1956,1,1,100,100
Cambodia,1954,2,2,100,200
Cambodia,1953,11,8,72.73,800.03
Cambodia,1952,24,10,41.67,1000.08
Cambodia,1951,57,40,70.18,4000.26
Cambodia,1950,10,1,10,100
Cambodia,2011,0,0,0,0
Cameroon,2015,124,6,4.8,595.2
Cameroon,2014,3355,184,5.5,18452.5
Cameroon,2013,29,0,0,0
Cameroon,2012,363,5,1.38,500.94
Cameroon,2011,22433,783,3.49,78291.17
Cameroon,2010,10759,657,6.1,65629.9
Cameroon,2009,804,89,11.07,8900.28
Cameroon,2008,0,0,0,0
Cameroon,2007,10,1,10,100
Cameroon,2006,922,35,3.8,3503.6
Cameroon,2005,2847,110,3.86,10989.42
Cameroon,2004,8005,137,1.71,13688.55
Cameroon,2003,207,36,17.39,3599.73
Cameroon,2002,66,8,12.12,799.92
Cameroon,2001,259,7,2.7,699.3
Cameroon,2000,123,29,23.58,2900.34
Cameroon,1999,1584,35,2.21,3500.64
Cameroon,1998,4603,316,6.87,31622.61
Cameroon,1997,1709,180,10.53,17995.77
Cameroon,1996,5796,485,8.37,48512.52
Cameroon,1995,615,21,3.41,2097.15
Cameroon,1994,527,61,11.58,6102.66
Cameroon,1993,648,19,2.93,1898.64
Cameroon,1992,1268,66,5.21,6606.28
Cameroon,1991,4026,491,12.2,49117.2
Cameroon,1990,16,0,0,0
Cameroon,1989,4,2,50,200
Cameroon,1988,4,0,0,0
Cameroon,1987,94,6,6.38,599.72
Cameroon,1986,165,12,7.27,1199.55
Cameroon,1985,1158,103,8.89,10294.62
Cameroon,1984,392,60,15.31,6001.52
Cameroon,1983,55,18,32.73,1800.15
Cameroon,1982,5,3,60,300
Cameroon,1981,243,17,7,1701
Cameroon,1980,229,23,10.04,2299.16
Cameroon,1979,16,4,25,400
Cameroon,1978,3,0,0,0
Cameroon,1976,135,27,20,2700
Cameroon,1975,3,0,0,0
Cameroon,1974,83,16,19.28,1600.24
Cameroon,1973,206,16,7.77,1600.62
Cameroon,1972,362,27,7.46,2700.52
Cameroon,1971,2167,336,15.51,33610.17
Canada,2016,1,0,0,0
Canada,2015,3,0,0,0
Canada,2014,2,0,0,0
Canada,2013,1,0,0,0
Canada,2011,9,0,0,0
Canada,2010,2,0,0,0
Canada,2009,2,0,0,0
Canada,2008,1,0,0,0
Canada,2007,1,0,0,0
Canada,2006,2,0,0,0
Canada,2005,7,0,0,0
Canada,2004,3,0,0,0
Canada,2003,5,0,0,0
Canada,2002,4,0,0,0
Canada,2001,6,0,0,0
Canada,2000,5,0,0,0
Canada,1998,2,0,0,0
Canada,1996,2,0,0,0
Canada,1995,7,0,0,0
Canada,1994,2,0,0,0
Canada,1993,6,1,16.67,100.02
Canada,1992,5,0,0,0
Canada,1991,2,0,0,0
Canada,1989,1,0,0,0
Canada,1988,0,0,0,0
Central African Republic,2012,21,0,0,0
Central African Republic,2011,117,15,12.82,1499.94
Central African Republic,2006,0,0,0,0
Central African Republic,2005,0,0,0,0
Central African Republic,2004,320,48,15,4800
Central African Republic,1998,22,3,13.64,300.08
Central African Republic,1997,443,75,16.93,7499.99
Chad,2011,17267,458,2.65,45757.55
Chad,2010,6395,175,2.74,17522.3
Chad,2009,67,6,8.96,600.32
Chad,2007,0,0,0,0
Chad,2006,1668,71,4.26,7105.68
Chad,2005,90,14,15.56,1400.4
Chad,2004,5531,272,4.92,27212.52
Chad,2003,55,7,12.73,700.15
Chad,2001,5244,226,4.31,22601.64
Chad,1999,217,18,8.29,1798.93
Chad,1998,4095,144,3.52,14414.4
Chad,1997,8801,443,5.03,44269.03
Chad,1996,7830,448,5.72,44787.6
Chad,1994,1094,43,3.93,4299.42
Chad,1991,13915,1344,9.66,134418.9
Chad,1974,338,87,25.74,8700.12
Chad,1972,9,3,33.33,299.97
Chad,1971,8230,2411,29.3,241139
Chile,2014,1,0,0,0
Chile,2013,2,0,0,0
Chile,2011,1,0,0,0
Chile,1998,24,2,8.33,199.92
Chile,1997,4,0,0,0
Chile,1996,1,0,0,0
Chile,1994,1,0,0,0
Chile,1993,32,0,0,0
Chile,1992,73,1,1.37,100.01
Chile,1991,41,2,4.88,200.08
China,2016,27,0,0,0
China,2015,13,0,0,0
China,2014,24,0,0,0
China,2013,53,1,1.89,100.17
China,2012,77,0,0,0
China,2011,26,0,0,0
China,2010,157,0,0,0
China,2009,85,0,0,0
China,2008,174,0,0,0
China,2007,168,0,0,0
China,2006,161,2,1.24,199.64
China,2005,980,4,0.41,401.8
China,2004,244,1,0.41,100.04
China,2003,223,1,0.45,100.35
China,2001,140,0,0,0
China,2000,1846,3,0.16,295.36
China,1999,4589,0,0,0
China,1998,4642,0,0,0
China,1997,1177,29,2.46,2895.42
China,1996,316,4,1.27,401.32
China,1995,10337,88,0.85,8786.45
China,1994,34877,319,0.91,31738.07
China,1993,11673,94,0.81,9455.13
China,1992,583,1,0.17,99.11
China,1991,210,0,0,0
China,1990,644,5,0.78,502.32
China,1989,5628,59,1.05,5909.4
China,1988,7267,89,1.22,8865.74
China,1987,4,0,0,0
China,1980,88,0,0,0
China,1979,85,2,2.35,199.75
China,1967,1,0,0,0
China,1963,1,0,0,0
China,1962,384,24,6.25,2400
China,1949,1,1,100,100
Colombia,2004,2,0,0,0
Colombia,1999,42,0,0,0
Colombia,1998,442,7,1.58,698.36
Colombia,1997,1508,32,2.12,3196.96
Colombia,1996,4428,70,1.58,6996.24
Colombia,1995,1922,35,1.82,3498.04
Colombia,1994,996,14,1.41,1404.36
Colombia,1993,230,0,0,0
Colombia,1992,15129,158,1.04,15734.16
Colombia,1991,11979,207,1.73,20723.67
Comoros,2008,4,0,0,0
Comoros,2007,1555,29,1.86,2892.3
Comoros,2006,0,0,0,0
Comoros,2005,0,0,0,0
Comoros,2004,1,0,0,0
Comoros,2003,56,0,0,0
Comoros,2002,1567,46,2.94,4606.98
Comoros,2001,226,4,1.77,400.02
Comoros,2000,3297,91,2.76,9099.72
Comoros,1999,1180,42,3.56,4200.8
Comoros,1998,7300,68,0.93,6789
Comoros,1976,5,1,20,100
Comoros,1975,2675,238,8.9,23807.5
Congo,2016,15,2,13.3,199.5
Congo,2013,1624,221,13.61,22102.64
Congo,2012,1181,37,3.13,3696.53
Congo,2011,762,0,0,0
Congo,2009,93,0,0,0
Congo,2008,156,4,2.56,399.36
Congo,2007,7785,133,1.71,13312.35
Congo,2006,175,10,5.71,999.25
Congo,2005,0,0,0,0
Congo,2000,9,2,22.22,199.98
Congo,1999,4813,20,0.42,2021.46
Congo,1998,3222,22,0.68,2190.96
Congo,1997,275,60,21.82,6000.5
Congo,1979,5,0,0,0
Congo,1978,51,14,27.45,1399.95
Costa Rica,1997,1,0,0,0
Costa Rica,1996,19,1,5.26,99.94
Costa Rica,1995,24,0,0,0
Costa Rica,1994,38,0,0,0
Costa Rica,1993,14,0,0,0
Costa Rica,1992,12,0,0,0
Cote d'Ivoire,2015,199,6,3,597
Cote d'Ivoire,2014,235,12,5.1,1198.5
Cote d'Ivoire,2013,56,2,3.57,199.92
Cote d'Ivoire,2012,424,19,4.48,1899.52
Cote d'Ivoire,2011,1261,24,1.9,2395.9
Cote d'Ivoire,2010,32,0,0,0
Cote d'Ivoire,2009,5,2,40,200
Cote d'Ivoire,2008,7,1,14.29,100.03
Cote d'Ivoire,2007,8,1,12.5,100
Cote d'Ivoire,2006,414,15,3.62,1498.68
Cote d'Ivoire,2005,39,6,0,0
Cote d'Ivoire,2004,105,9,8.57,899.85
Cote d'Ivoire,2003,1034,50,4.84,5004.56
Cote d'Ivoire,2002,4188,143,3.41,14281.08
Cote d'Ivoire,2001,5912,305,5.16,30505.92
Cote d'Ivoire,1996,1345,22,1.64,2205.8
Cote d'Ivoire,1995,4993,184,3.69,18424.17
Cote d'Ivoire,1994,1108,55,4.96,5495.68
Cote d'Ivoire,1993,724,42,5.8,4199.2
Cote d'Ivoire,1992,37,7,18.92,700.04
Cote d'Ivoire,1991,604,116,19.21,11602.84
Cote d'Ivoire,1982,34,0,0,0
Cote d'Ivoire,1979,3,0,0,0
Cote d'Ivoire,1971,668,9,1.35,901.8
Cote d'Ivoire,1970,868,39,4.49,3897.32
Cuba,2015,65,0,0,0
Cuba,2014,76,0,0,0
Cuba,2013,181,0,0,0
Cuba,2012,417,3,0.72,300.24
Czechia,2002,2,0,0,0
Czechia,1970,4,1,25,100
Democratic People's Republic of Korea,1996,7,0,0,0
Democratic People's Republic of Korea,1980,170,0,0,0
Democratic Republic of the Congo,2016,28093,759,2.7,75851.1
Democratic Republic of the Congo,2015,19182,276,1.4,26854.8
Democratic Republic of the Congo,2014,22203,372,1.7,37745.1
Democratic Republic of the Congo,2013,26944,491,1.82,49038.08
Democratic Republic of the Congo,2012,33661,819,2.43,81796.23
Democratic Republic of the Congo,2011,21700,584,2.69,58373
Democratic Republic of the Congo,2010,13884,182,1.31,18188.04
Democratic Republic of the Congo,2009,22899,237,1.03,23585.97
Democratic Republic of the Congo,2008,30150,548,1.82,54873
Democratic Republic of the Congo,2007,28269,600,2.12,59930.28
Democratic Republic of the Congo,2006,20642,426,2.06,42522.52
Democratic Republic of the Congo,2005,13430,244,0,0
Democratic Republic of the Congo,2004,7665,228,2.97,22765.05
Democratic Republic of the Congo,2003,27272,989,3.63,98997.36
Democratic Republic of the Congo,2002,31658,1979,6.25,197862.5
Democratic Republic of the Congo,2001,5728,390,6.81,39007.68
Democratic Republic of the Congo,2000,14995,941,6.28,94168.6
Democratic Republic of the Congo,1999,12711,783,6.16,78299.76
Democratic Republic of the Congo,1998,34899,2926,8.38,292453.62
Democratic Republic of the Congo,1997,2421,326,13.47,32610.87
Democratic Republic of the Congo,1996,7886,638,8.09,63797.74
Democratic Republic of the Congo,1995,553,22,3.98,2200.94
Democratic Republic of the Congo,1994,58057,4181,7.2,418010.4
Democratic Republic of the Congo,1993,986,175,17.75,17501.5
Democratic Republic of the Congo,1992,1949,59,3.03,5905.47
Democratic Republic of the Congo,1991,4066,294,7.23,29397.18
Democratic Republic of the Congo,1990,468,61,13.03,6098.04
Democratic Republic of the Congo,1989,99,6,6.06,599.94
Democratic Republic of the Congo,1988,295,32,10.85,3200.75
Democratic Republic of the Congo,1987,1150,218,18.96,21804
Democratic Republic of the Congo,1986,1059,125,11.8,12496.2
Democratic Republic of the Congo,1985,740,30,4.05,2997
Democratic Republic of the Congo,1984,162,3,1.85,299.7
Democratic Republic of the Congo,1983,2977,245,8.23,24500.71
Democratic Republic of the Congo,1982,10328,693,6.71,69300.88
Democratic Republic of the Congo,1981,2379,800,33.63,80005.77
Democratic Republic of the Congo,1980,1051,81,7.71,8103.21
Democratic Republic of the Congo,1979,5515,511,9.27,51124.05
Democratic Republic of the Congo,1978,3481,183,5.26,18310.06
Denmark,2016,1,0,0,0
Denmark,2008,1,0,0,0
Denmark,2004,1,0,0,0
Denmark,1995,3,0,0,0
Denmark,1994,2,0,0,0
Denmark,1993,2,0,0,0
Denmark,1990,1,0,0,0
Djibouti,2011,127,1,0.79,100.33
Djibouti,2010,2047,19,0.93,1903.71
Djibouti,2007,1087,27,2.48,2695.76
Djibouti,2000,1828,32,1.75,3199
Djibouti,1998,164,3,1.83,300.12
Djibouti,1997,2424,50,2.06,4993.44
Djibouti,1994,1122,15,1.34,1503.48
Djibouti,1993,10055,99,0.98,9853.9
Djibouti,1985,115,7,6.09,700.35
Djibouti,1978,3,2,66.67,200.01
Djibouti,1977,2,0,0,0
Djibouti,1976,2,0,0,0
Djibouti,1972,8,3,37.5,300
Djibouti,1971,440,81,18.41,8100.4
Djibouti,1970,6,3,50,300
Dominican Republic,2016,1159,27,2.3,2665.7
Dominican Republic,2015,546,15,2.7,1474.2
Dominican Republic,2014,603,11,1.8,1085.4
Dominican Republic,2013,1954,42,2.15,4201.1
Dominican Republic,2012,7919,68,0.86,6810.34
Dominican Republic,2011,20851,336,1.61,33570.11
Dominican Republic,2010,191,0,0,0
Ecuador,2004,5,0,0,0
Ecuador,2003,25,0,0,0
Ecuador,2001,9,0,0,0
Ecuador,2000,27,1,3.7,99.9
Ecuador,1999,90,0,0,0
Ecuador,1998,3724,37,0.99,3686.76
Ecuador,1997,65,3,4.62,300.3
Ecuador,1996,1059,12,1.13,1196.67
Ecuador,1995,2160,23,1.06,2289.6
Ecuador,1994,1785,16,0.9,1606.5
Ecuador,1993,6833,72,1.05,7174.65
Ecuador,1992,31870,208,0.65,20715.5
Ecuador,1991,46320,697,1.5,69480
El Salvador,2000,631,2,0.32,201.92
El Salvador,1999,134,0,0,0
El Salvador,1998,8,0,0,0
El Salvador,1996,182,2,1.1,200.2
El Salvador,1995,2923,2,0.07,204.61
El Salvador,1994,11745,38,0.32,3758.4
El Salvador,1993,6573,14,0.21,1380.33
El Salvador,1992,8717,45,0.52,4532.84
El Salvador,1991,947,34,3.59,3399.73
Equatorial Guinea,2006,0,0,0,0
Equatorial Guinea,2005,6391,33,0.52,3323.32
Equatorial Guinea,2004,59,1,1.69,99.71
Equatorial Guinea,1985,108,1,0.93,100.44
Equatorial Guinea,1984,404,31,7.67,3098.68
Eritrea,2008,1,0,0,0
Eritrea,2007,119,9,7.56,899.64
Eritrea,2006,0,0,0,0
Eritrea,2005,0,0,0,0
Estonia,1993,2,0,0,0
Eswatini,2009,19,0,0,0
Eswatini,2008,1,0,0,0
Eswatini,2007,0,0,0,0
Eswatini,2006,18,0,0,0
Eswatini,2005,0,0,0,0
Eswatini,2004,1075,16,1.49,1601.75
Eswatini,2003,32,13,40.63,1300.16
Eswatini,2002,134,2,1.49,199.66
Eswatini,2001,5612,107,1.91,10718.92
Eswatini,2000,141,16,11.35,1600.35
Eswatini,1999,7,0,0,0
Eswatini,1998,7,0,0,0
Eswatini,1996,2,0,0,0
Eswatini,1992,2281,30,1.32,3010.92
Eswatini,1982,538,13,2.42,1301.96
Eswatini,1981,238,17,7.14,1699.32
Eswatini,1978,2,0,0,0
Ethiopia,2010,1682,21,1.25,2102.5
Ethiopia,2009,31509,434,1.38,43482.42
Ethiopia,2008,3862,23,0.6,2317.2
Ethiopia,2007,24121,272,1.13,27256.73
Ethiopia,2006,54070,575,1.06,57314.2
Ethiopia,2005,0,0,0,0
Ethiopia,2004,16,0,0,0
Ethiopia,1982,0,0,0,0
Ethiopia,1971,2187,124,5.67,12400.29
Ethiopia,1970,850,72,8.47,7199.5
Ethiopia,1979,0,0,0,0
Finland,2008,1,0,0,0
Finland,2005,1,0,0,0
Finland,1998,1,0,0,0
Finland,1995,1,0,0,0
Finland,1994,2,0,0,0
Finland,1981,1,0,0,0
France,2015,1,0,0,0
France,2014,1,0,0,0
France,2011,1,0,0,0
France,2009,1,0,0,0
France,2008,2,0,0,0
France,2007,4,0,0,0
France,2006,2,0,0,0
France,2002,1,0,0,0
France,2001,2,0,0,0
France,2000,5,0,0,0
France,1998,2,0,0,0
France,1997,3,0,0,0
France,1996,8,0,0,0
France,1995,6,0,0,0
France,1994,4,0,0,0
France,1993,5,0,0,0
France,1991,7,0,0,0
France,1990,6,1,16.67,100.02
France,1989,1,0,0,0
France,1987,7,0,0,0
France,1986,37,0,0,0
France,1984,1,0,0,0
France,1983,3,0,0,0
France,1982,18,0,0,0
France,1981,20,0,0,0
France,1980,1,0,0,0
France,1979,8,0,0,0
France,1976,5,0,0,0
France,1975,9,0,0,0
France,1974,5,0,0,0
France,1973,4,0,0,0
France,1971,3,0,0,0
France,1970,1,0,0,0
Gabon,2008,2,0,0,0
Gabon,2006,0,0,0,0
Gabon,2005,0,0,0,0
Gabon,2003,629,0,0,0
Gabon,2002,6,0,0,0
Gabon,1981,7,0,0,0
Gabon,1979,5,2,40,200
Gambia,2008,1,0,0,0
Gambia,2007,12,1,8.33,99.96
Gambia,2006,0,0,0,0
Gambia,2005,214,13,6.07,1298.98
Gambia,1996,7,0,0,0
Gambia,1995,15,0,0,0
Gambia,1994,1,0,0,0
Gambia,1985,2,0,0,0
Georgia,1993,8,0,0,0
Germany,2016,1,,,
Germany,2014,1,0,0,0
Germany,2011,4,0,0,0
Germany,2010,4,1,25,100
Germany,2007,2,0,0,0
Germany,2006,1,0,0,0
Germany,2004,3,0,0,0
Germany,2003,1,0,0,0
Germany,2002,1,0,0,0
Germany,2001,1,0,0,0
Germany,2000,2,0,0,0
Germany,1999,3,0,0,0
Germany,1998,5,0,0,0
Germany,1997,2,0,0,0
Germany,1995,1,0,0,0
Germany,1994,5,0,0,0
Germany,1993,1,0,0,0
Germany,1992,1,0,0,0
Germany,1990,1,0,0,0
Germany,1989,1,0,0,0
Germany,1988,2,0,0,0
Germany,1986,2,0,0,0
Germany,1982,1,0,0,0
Germany,1981,4,0,0,0
Germany,1980,4,0,0,0
Germany,1977,1,0,0,0
Germany,1976,2,0,0,0
Germany,1975,1,0,0,0
Germany,1974,3,0,0,0
Germany,1973,6,0,0,0
Germany,1972,2,0,0,0
Germany,1971,1,0,0,0
Ghana,2016,175,0,0,0
Ghana,2015,692,8,1.2,830.4
Ghana,2014,28944,243,0.8,23155.2
Ghana,2013,50,0,0,0
Ghana,2012,9548,100,1.05,10025.4
Ghana,2011,10628,105,0.99,10521.72
Ghana,2010,438,3,0.68,297.84
Ghana,2009,1294,9,0.7,905.8
Ghana,2008,1223,25,2.04,2494.92
Ghana,2007,179,18,10.06,1800.74
Ghana,2006,3357,107,3.19,10708.83
Ghana,2005,3166,51,1.61,5097.26
Ghana,2004,407,6,1.47,598.29
Ghana,2003,204,4,1.96,399.84
Ghana,2002,3614,65,1.8,6505.2
Ghana,2001,5487,160,2.92,16022.04
Ghana,2000,3331,74,2.22,7394.82
Ghana,1999,9432,260,2.76,26032.32
Ghana,1998,3426,108,3.15,10791.9
Ghana,1997,379,12,3.17,1201.43
Ghana,1996,1665,70,4.2,6993
Ghana,1995,4698,93,1.98,9302.04
Ghana,1994,2267,54,2.38,5395.46
Ghana,1993,1448,38,2.62,3793.76
Ghana,1992,228,23,10.09,2300.52
Ghana,1991,13172,409,3.11,40964.92
Ghana,1990,2937,60,2.04,5991.48
Ghana,1985,60,0,0,0
Ghana,1984,1015,92,9.06,9195.9
Ghana,1983,14160,819,5.78,81844.8
Ghana,1982,11051,1225,11.09,122555.59
Ghana,1981,943,62,6.57,6195.51
Ghana,1980,260,21,8.08,2100.8
Ghana,1979,1783,113,6.34,11304.22
Ghana,1978,1853,120,6.48,12007.44
Ghana,1977,6565,353,5.38,35319.7
Ghana,1976,102,0,0,0
Ghana,1975,187,10,5.35,1000.45
Ghana,1974,483,37,7.66,3699.78
Ghana,1973,677,39,5.76,3899.52
Ghana,1972,625,32,5.12,3200
Ghana,1971,13048,641,4.91,64065.68
Ghana,1970,2733,180,6.59,18010.47
Greece,1993,1,0,0,0
Greece,1986,1,0,0,0
Greece,1981,0,0,0,0
Guatemala,2003,1,0,0,0
Guatemala,2002,1,0,0,0
Guatemala,2001,13,0,0,0
Guatemala,2000,612,6,0.98,599.76
Guatemala,1999,2077,0,0,0
Guatemala,1998,5970,57,0.95,5671.5
Guatemala,1997,1263,0,0,0
Guatemala,1996,1568,14,0.89,1395.52
Guatemala,1995,7970,95,1.19,9484.3
Guatemala,1994,5282,36,0.68,3591.76
Guatemala,1993,30604,306,1,30604
Guatemala,1992,15395,207,1.34,20629.3
Guatemala,1991,3674,50,1.36,4996.64
Guinea,2014,1,0,0,0
Guinea,2013,319,32,10.03,3199.57
Guinea,2012,7350,133,1.81,13303.5
Guinea,2011,3,0,0,0
Guinea,2009,42,0,0,0
Guinea,2008,513,32,6.24,3201.12
Guinea,2007,8546,311,3.64,31107.44
Guinea,2006,3242,219,6.76,21915.92
Guinea,2005,3821,107,2.8,10698.8
Guinea,2004,1516,117,7.72,11703.52
Guinea,2003,6,1,16.67,100.02
Guinea,2002,61,11,18.03,1099.83
Guinea,2001,392,22,5.61,2199.12
Guinea,2000,519,32,6.17,3202.23
Guinea,1999,599,28,4.67,2797.33
Guinea,1998,881,53,6.02,5303.62
Guinea,1996,287,17,5.92,1699.04
Guinea,1995,6506,565,8.68,56472.08
Guinea,1994,31415,671,2.14,67228.1
Guinea,1986,286,58,20.28,5800.08
Guinea,1970,2000,60,3,6000
Guinea-Bissau,2014,11,2,18.2,200.2
Guinea-Bissau,2013,969,28,2.89,2800.41
Guinea-Bissau,2012,3068,22,0.72,2208.96
Guinea-Bissau,2009,5,0,0,0
Guinea-Bissau,2008,14323,225,1.57,22487.11
Guinea-Bissau,2007,153,8,5.23,800.19
Guinea-Bissau,2006,37,0,0,0
Guinea-Bissau,2005,25111,399,1.59,39926.49
Guinea-Bissau,2004,155,3,1.94,300.7
Guinea-Bissau,2003,290,2,0.69,200.1
Guinea-Bissau,2002,842,6,0.71,597.82
Guinea-Bissau,1998,126,2,1.59,200.34
Guinea-Bissau,1997,20555,905,4.4,90442
Guinea-Bissau,1996,8397,84,1,8397
Guinea-Bissau,1995,119,0,0,0
Guinea-Bissau,1994,15296,285,1.86,28450.56
Guinea-Bissau,1987,6000,68,1.13,6780
Guinea-Bissau,1986,200,50,25,5000
Guyana,1993,66,2,3.03,199.98
Guyana,1992,576,8,1.39,800.64
Haiti,2016,41421,447,1.1,45563.1
Haiti,2015,36045,322,0.9,32440.5
Haiti,2014,27753,296,1.1,30528.3
Haiti,2013,58809,593,1.01,59397.09
Haiti,2012,112076,894,0.8,89660.8
Haiti,2011,340311,2869,0.84,285861.24
Haiti,2010,179379,3990,2.22,398221.38
Honduras,2001,1,0,0,0
Honduras,2000,8,0,0,0
Honduras,1999,56,3,5.36,300.16
Honduras,1998,306,13,4.25,1300.5
Honduras,1997,100,1,1,100
Honduras,1996,708,14,1.98,1401.84
Honduras,1995,4717,77,1.63,7688.71
Honduras,1994,5049,102,2.02,10198.98
Honduras,1993,4013,102,2.54,10193.02
Honduras,1992,407,17,4.18,1701.26
Honduras,1991,17,0,0,0
Hungary,1997,1,0,0,0
India,2016,841,3,0.4,336.4
India,2015,889,4,0.4,355.6
India,2014,4031,21,0.5,2015.5
India,2013,6008,54,0.9,5407.2
India,2010,5155,9,0.17,876.35
India,2008,2680,1,0.04,107.2
India,2007,2635,3,0.11,289.85
India,2006,1939,3,0.15,290.85
India,2005,3155,6,0.19,599.45
India,2004,4695,7,0.15,704.25
India,2003,2893,2,0.07,202.51
India,2002,3455,10,0.29,1001.95
India,2001,4081,6,0.15,612.15
India,2000,4053,20,0.49,1985.97
India,1999,3839,6,0.16,614.24
India,1998,7151,11,0.15,1072.65
India,1997,2768,16,0.58,1605.44
India,1996,4396,34,0.77,3384.92
India,1995,3315,5,0.15,497.25
India,1994,4973,32,0.64,3182.72
India,1993,12084,51,0.42,5075.28
India,1992,6911,55,0.8,5528.8
India,1991,6993,149,2.13,14895.09
India,1990,3583,83,2.32,8312.56
India,1989,5640,93,1.65,9306
India,1988,17162,380,2.21,37928.02
India,1987,11934,240,2.01,23987.34
India,1986,4208,70,1.66,6985.28
India,1985,5808,155,2.67,15507.36
India,1984,2527,27,1.07,2703.89
India,1983,8542,309,3.62,30922.04
India,1982,4656,213,4.57,21277.92
India,1981,4681,150,3.2,14979.2
India,1980,8344,307,3.68,30705.92
India,1979,5073,113,2.23,11312.79
India,1978,10585,246,2.32,24557.2
India,1977,8376,289,3.45,28897.2
India,1976,14946,662,4.43,66210.78
India,1975,22049,2330,10.57,233057.93
India,1974,30903,2289,7.41,228991.23
India,1973,41611,5406,12.99,540526.89
India,1972,20435,2845,13.92,284455.2
India,1971,71386,10478,14.68,1047946.48
India,1970,15067,3420,22.7,342020.9
India,1969,19280,0,0,0
India,1968,22587,0,0,0
India,1967,13708,0,0,0
India,1966,13052,2799,21.45,279965.4
India,1965,42677,12664,29.67,1266226.59
India,1964,53011,17035,32.13,1703243.43
India,1963,44839,16357,36.48,1635726.72
India,1962,51082,27141,53.13,2713986.66
India,1961,47637,26946,56.57,2694825.09
India,1960,14621,0,0,0
India,1959,14852,7696,51.82,769630.64
India,1958,66849,49818,74.52,4981587.48
India,1957,54961,49715,90.46,4971772.06
India,1956,39829,17206,43.2,1720612.8
India,1955,23533,7662,32.56,766234.48
India,1954,22146,19368,87.46,1936889.16
India,1953,213225,124227,58.26,12422488.5
India,1952,101493,58252,57.4,5825698.2
India,1951,86787,41543,47.87,4154493.69
India,1950,625,396,63.36,39600
Indonesia,2008,1007,27,2.68,2698.76
Indonesia,2005,1338,19,1.42,1899.96
Indonesia,2001,561,6,1.07,600.27
Indonesia,1997,66,0,0,0
Indonesia,1996,66,0,0,0
Indonesia,1994,47,0,0,0
Indonesia,1993,3564,25,0.7,2494.8
Indonesia,1992,25,0,0,0
Indonesia,1991,6202,55,0.89,5519.78
Indonesia,1990,155,0,0,0
Indonesia,1989,67,0,0,0
Indonesia,1988,50,0,0,0
Indonesia,1987,659,18,2.73,1799.07
Indonesia,1986,11915,391,3.28,39081.2
Indonesia,1985,4732,85,1.8,8517.6
Indonesia,1984,7921,59,0.74,5861.54
Indonesia,1983,13832,346,2.5,34580
Indonesia,1982,10391,535,5.15,53513.65
Indonesia,1981,18354,463,2.52,46252.08
Indonesia,1980,5541,150,2.71,15016.11
Indonesia,1979,18817,769,4.09,76961.53
Indonesia,1978,10683,507,4.75,50744.25
Indonesia,1977,17112,780,4.56,78030.72
Indonesia,1976,41264,2665,6.46,266565.44
Indonesia,1975,48387,3715,7.68,371612.16
Indonesia,1974,41474,3920,9.45,391929.3
Indonesia,1973,52042,3058,5.88,306006.96
Indonesia,1972,44383,6956,15.67,695481.61
Indonesia,1971,23555,3607,15.31,360627.05
Indonesia,1970,5997,1257,20.96,125697.12
Indonesia,1969,627,262,41.79,26202.33
Indonesia,1968,135,22,16.3,2200.5
Indonesia,1967,700,139,19.86,13902
Indonesia,1966,204,36,17.65,3600.6
Indonesia,1964,326,69,21.17,6901.42
Indonesia,1963,535,83,15.51,8297.85
Indonesia,1962,428,80,18.69,7999.32
Indonesia,1961,1742,474,27.21,47399.82
Indonesia,1960,41,22,53.66,2200.06
Iran (Islamic Republic of),2015,86,1,1.2,103.2
Iran (Islamic Republic of),2013,256,7,2.73,698.88
Iran (Islamic Republic of),2012,53,0,0,0
Iran (Islamic Republic of),2011,1187,12,1.01,1198.87
Iran (Islamic Republic of),2008,72,4,5.56,400.32
Iran (Islamic Republic of),2007,19,0,0,0
Iran (Islamic Republic of),2005,1133,11,0.97,1099.01
Iran (Islamic Republic of),2004,94,1,1.06,99.64
Iran (Islamic Republic of),2003,96,0,0,0
Iran (Islamic Republic of),2002,118,0,0,0
Iran (Islamic Republic of),2001,105,0,0,0
Iran (Islamic Republic of),2000,345,3,0.87,300.15
Iran (Islamic Republic of),1999,1369,21,1.53,2094.57
Iran (Islamic Republic of),1998,270,1,0.37,99.9
Iran (Islamic Republic of),1997,1106,9,0.81,895.86
Iran (Islamic Republic of),1995,2177,59,2.71,5899.67
Iran (Islamic Republic of),1994,15,0,0,0
Iran (Islamic Republic of),1993,1347,5,0.37,498.39
Iran (Islamic Republic of),1992,97,4,4.12,399.64
Iran (Islamic Republic of),1991,1892,32,1.69,3197.48
Iran (Islamic Republic of),1990,178,3,1.69,300.82
Iran (Islamic Republic of),1989,5222,85,1.63,8511.86
Iran (Islamic Republic of),1988,486,15,3.09,1501.74
Iran (Islamic Republic of),1987,295,4,1.36,401.2
Iran (Islamic Republic of),1986,20,1,5,100
Iran (Islamic Republic of),1985,1208,9,0.75,906
Iran (Islamic Republic of),1984,531,5,0.94,499.14
Iran (Islamic Republic of),1983,270,0,0,0
Iran (Islamic Republic of),1982,427,0,0,0
Iran (Islamic Republic of),1981,6034,108,1.79,10800.86
Iran (Islamic Republic of),1980,1599,32,2,3198
Iran (Islamic Republic of),1979,1856,56,3.02,5605.12
Iran (Islamic Republic of),1978,264,0,0,0
Iran (Islamic Republic of),1977,10836,0,0,0
Iran (Islamic Republic of),1976,2100,0,0,0
Iran (Islamic Republic of),1975,2966,0,0,0
Iran (Islamic Republic of),1974,304,0,0,0
Iran (Islamic Republic of),1973,55,0,0,0
Iran (Islamic Republic of),1972,322,0,0,0
Iran (Islamic Republic of),1971,344,0,0,0
Iran (Islamic Republic of),1970,19663,0,0,0
Iran (Islamic Republic of),1969,557,0,0,0
Iran (Islamic Republic of),1967,221,0,0,0
Iran (Islamic Republic of),1966,162,0,0,0
Iran (Islamic Republic of),1965,5037,0,0,0
Iraq,2015,4965,2,0.04,198.6
Iraq,2013,1,0,0,0
Iraq,2012,4693,4,0,0
Iraq,2010,2,0,0,0
Iraq,2009,6,0,0,0
Iraq,2008,925,11,1.19,1100.75
Iraq,2007,4697,24,0.51,2395.47
Iraq,2004,35,0,0,0
Iraq,2003,187,0,0,0
Iraq,2002,718,0,0,0
Iraq,2001,560,0,0,0
Iraq,2000,532,4,0.75,399
Iraq,1999,1985,30,1.51,2997.35
Iraq,1998,53,1,1.89,100.17
Iraq,1996,1,0,0,0
Iraq,1995,820,3,0.37,303.4
Iraq,1994,838,0,0,0
Iraq,1993,280,0,0,0
Iraq,1992,97,0,0,0
Iraq,1991,877,6,0.68,596.36
Iraq,1978,96,0,0,0
Iraq,1977,133,1,0.75,99.75
Iraq,1966,227,20,8.81,1999.87
Iraq,2016,0,,,
Ireland,2001,1,0,0,0
Israel,2013,1,0,0,0
Israel,1988,1,0,0,0
Israel,1987,2,0,0,0
Israel,1982,1,0,0,0
Israel,1972,11,0,0,0
Israel,1971,1,0,0,0
Israel,1970,185,10,5.41,1000.85
Italy,2013,1,0,0,0
Italy,2007,1,0,0,0
Italy,2006,1,0,0,0
Italy,1998,2,9,450,900
Italy,1995,1,0,0,0
Italy,1994,12,9,75,900
Italy,1979,8,0,0,0
Italy,1977,2,0,0,0
Italy,1975,1,0,0,0
Italy,1973,278,23,8.27,2299.06
Japan,2016,10,0,0,0
Japan,2015,7,0,0,0
Japan,2014,5,0,0,0
Japan,2013,8,0,0,0
Japan,2012,3,0,0,0
Japan,2011,12,0,0,0
Japan,2007,0,0,0,0
Japan,2006,34,0,0,0
Japan,2005,43,0,0,0
Japan,2004,66,0,0,0
Japan,2003,16,0,0,0
Japan,2002,27,0,0,0
Japan,2001,11,0,0,0
Japan,2000,34,0,0,0
Japan,1999,40,0,0,0
Japan,1998,60,0,0,0
Japan,1997,89,0,0,0
Japan,1996,39,0,0,0
Japan,1995,321,1,0.31,99.51
Japan,1994,91,0,0,0
Japan,1993,89,0,0,0
Japan,1992,46,0,0,0
Japan,1991,90,1,1.11,99.9
Japan,1990,73,0,0,0
Japan,1989,95,0,0,0
Japan,1988,33,0,0,0
Japan,1987,34,0,0,0
Japan,1986,26,0,0,0
Japan,1985,36,0,0,0
Japan,1984,55,0,0,0
Japan,1983,35,0,0,0
Japan,1982,16,0,0,0
Japan,1981,19,0,0,0
Japan,1980,23,0,0,0
Japan,1979,11,0,0,0
Japan,1978,34,1,2.94,99.96
Japan,1977,52,1,1.92,99.84
Japan,1976,6,0,0,0
Japan,1975,3,0,0,0
Japan,1970,5,0,0,0
Japan,1969,8,0,0,0
Japan,1964,2,1,50,100
Japan,1963,16,0,0,0
Jordan,1990,2,0,0,0
Jordan,1981,870,4,0.46,400.2
Jordan,1979,141,0,0,0
Jordan,1977,427,1,0.23,98.21
Jordan,1976,152,0,0,0
Jordan,1970,3,0,0,0
Kazakhstan,2008,1,0,0,0
Kazakhstan,2001,1,0,0,0
Kazakhstan,1997,4,0,0,0
Kazakhstan,1995,16,0,0,0
Kazakhstan,1994,3,0,0,0
Kazakhstan,1993,74,0,0,0
Kenya,2016,5866,80,1.4,8212.4
Kenya,2015,13291,67,0.5,6645.5
Kenya,2014,35,9,25.7,899.5
Kenya,2011,74,2,2.7,199.8
Kenya,2010,3188,63,1.98,6312.24
Kenya,2009,11425,264,2.31,26391.75
Kenya,2008,3091,113,3.66,11313.06
Kenya,2007,1206,67,5.56,6705.36
Kenya,2006,870,11,1.26,1096.2
Kenya,2005,816,21,2.57,2097.12
Kenya,2004,870,15,1.72,1496.4
Kenya,2002,291,10,3.44,1001.04
Kenya,2001,1001,55,5.49,5495.49
Kenya,2000,1157,78,6.74,7798.18
Kenya,1999,11039,350,3.17,34993.63
Kenya,1998,22432,1237,5.51,123600.32
Kenya,1997,17200,555,3.23,55556
Kenya,1996,482,14,2.9,1397.8
Kenya,1995,1547,39,2.52,3898.44
Kenya,1994,880,28,3.18,2798.4
Kenya,1992,3388,100,2.95,9994.6
Kenya,1989,918,32,3.49,3203.82
Kenya,1987,255,12,4.71,1201.05
Kenya,1986,839,45,5.36,4497.04
Kenya,1985,1352,102,7.54,10194.08
Kenya,1984,14,0,0,0
Kenya,1983,1049,53,5.05,5297.45
Kenya,1982,3498,91,2.6,9094.8
Kenya,1981,2424,108,4.46,10811.04
Kenya,1980,2808,42,1.5,4212
Kenya,1979,1070,2,0.19,203.3
Kenya,1978,673,17,2.53,1702.69
Kenya,1977,21,0,0,0
Kenya,1976,1359,59,4.34,5898.06
Kenya,1975,1093,74,6.77,7399.61
Kenya,1974,402,20,4.98,2001.96
Kenya,1972,51,0,0,0
Kenya,1971,239,38,15.9,3800.1
Kiribati,1978,494,0,0,0
Kiribati,1977,1307,21,1.61,2104.27
Kuwait,2015,5,0,0,0
Kuwait,1997,1,0,0,0
Kuwait,1993,1,0,0,0
Kuwait,1989,133,0,0,0
Kuwait,1986,38,0,0,0
Kuwait,1985,113,0,0,0
Kuwait,1981,8,0,0,0
Kuwait,1979,3,0,0,0
Kuwait,1978,1,0,0,0
Kuwait,1977,13,0,0,0
Kuwait,1976,2,0,0,0
Kuwait,1975,3,1,33.33,99.99
Kuwait,1970,4,0,0,0
Kyrgyzstan,1994,4,0,0,0
Lao People's Democratic Republic,2010,237,4,1.69,400.53
Lao People's Democratic Republic,2008,201,0,0,0
Lao People's Democratic Republic,2007,169,3,1.78,300.82
Lao People's Democratic Republic,1996,720,33,4.58,3297.6
Lao People's Democratic Republic,1995,1365,174,12.75,17403.75
Lao People's Democratic Republic,1994,9660,606,6.27,60568.2
Lao People's Democratic Republic,1993,5521,255,4.62,25507.02
Lao People's Democratic Republic,1969,448,21,4.69,2101.12
Lao People's Democratic Republic,1953,31,18,58.06,1799.86
Lebanon,2005,1,0,0,0
Lebanon,1994,3,0,0,0
Lebanon,1993,344,23,6.69,2301.36
Lebanon,1977,30,0,0,0
Lebanon,1970,54,1,1.85,99.9
Lesotho,2006,0,0,0,0
Lesotho,2005,0,0,0,0
Liberia,2014,44,0,0,0
Liberia,2013,92,0,0,0
Liberia,2012,219,0,0,0
Liberia,2011,1146,0,0,0
Liberia,2010,1546,0,0,0
Liberia,2009,1070,2,0.19,203.3
Liberia,2008,1236,3,0.24,296.64
Liberia,2007,3063,7,0.23,704.49
Liberia,2006,4929,17,0.34,1675.86
Liberia,2005,3823,18,0.47,1796.81
Liberia,2004,2786,4,0.14,390.04
Liberia,2003,34740,38,0.11,3821.4
Liberia,2002,1115,0,0,0
Liberia,2001,1062,0,0,0
Liberia,2000,365,10,2.74,1000.1
Liberia,1999,215,0,0,0
Liberia,1998,2123,17,0.8,1698.4
Liberia,1997,91,0,0,0
Liberia,1996,8922,169,1.89,16862.58
Liberia,1995,3420,126,3.68,12585.6
Liberia,1994,764,17,2.23,1703.72
Liberia,1991,132,40,30.3,3999.6
Liberia,1989,28,0,0,0
Liberia,1988,68,1,1.47,99.96
Liberia,1987,33,1,3.03,99.99
Liberia,1986,59,0,0,0
Liberia,1985,355,3,0.85,301.75
Liberia,1984,492,8,1.63,801.96
Liberia,1983,183,12,6.56,1200.48
Liberia,1982,670,8,1.19,797.3
Liberia,1981,1582,33,2.09,3306.38
Liberia,1980,2690,55,2.04,5487.6
Liberia,1979,438,6,1.37,600.06
Liberia,1978,422,9,2.13,898.86
Liberia,1977,512,18,3.52,1802.24
Liberia,1976,646,10,1.55,1001.3
Liberia,1975,704,16,2.27,1598.08
Liberia,1974,512,12,2.34,1198.08
Liberia,1973,1336,27,2.02,2698.72
Liberia,1972,947,28,2.96,2803.12
Liberia,1971,606,106,17.49,10598.94
Liberia,1970,168,27,16.07,2699.76
Libya,1995,22,2,9.09,199.98
Libya,1970,1151,28,2.43,2796.93
Madagascar,2006,0,0,0,0
Madagascar,2005,0,0,0,0
Madagascar,2003,5,0,0,0
Madagascar,2002,27,0,0,0
Madagascar,2001,7219,413,5.72,41292.68
Madagascar,2000,29305,1672,5.71,167331.55
Madagascar,1999,9973,549,5.5,54851.5
Madagascar,1996,0,0,0,0
Madagascar,1971,2,0,0,0
Malawi,2016,1792,46,2.6,4659.2
Malawi,2015,693,11,1.6,1108.8
Malawi,2012,187,2,1.07,200.09
Malawi,2011,120,4,3.33,399.6
Malawi,2010,1155,17,1.47,1697.85
Malawi,2009,5751,125,2.17,12479.67
Malawi,2008,831,26,3.13,2601.03
Malawi,2007,475,5,1.05,498.75
Malawi,2006,4148,55,1.32,5475.36
Malawi,2005,1105,11,1,1105
Malawi,2004,675,4,0.59,398.25
Malawi,2003,2736,34,1.24,3392.64
Malawi,2002,32618,911,2.79,91004.22
Malawi,2001,2395,42,1.75,4191.25
Malawi,2000,2391,56,2.34,5594.94
Malawi,1999,26508,648,2.44,64679.52
Malawi,1998,1745,74,4.24,7398.8
Malawi,1997,130,15,11.54,1500.2
Malawi,1996,1,0,0,0
Malawi,1995,1,0,0,0
Malawi,1994,107,11,10.28,1099.96
Malawi,1993,25193,524,2.08,52401.44
Malawi,1992,298,8,2.68,798.64
Malawi,1991,8088,245,3.03,24506.64
Malawi,1990,13457,481,3.57,48041.49
Malawi,1989,8351,16,0.19,1586.69
Malawi,1988,6,0,0,0
Malawi,1983,487,49,10.06,4899.22
Malawi,1981,261,0,0,0
Malawi,1978,263,24,9.13,2401.19
Malawi,1977,577,0,0,0
Malawi,1976,19,0,0,0
Malawi,1973,371,20,5.39,1999.69
Malaysia,2015,244,2,0.8,195.2
Malaysia,2014,134,1,0.7,93.8
Malaysia,2013,171,1,0.58,99.18
Malaysia,2012,282,1,0.4,112.8
Malaysia,2011,586,10,1.71,1002.06
Malaysia,2010,443,6,1.35,598.05
Malaysia,2009,187,1,0.53,99.11
Malaysia,2007,0,0,0,0
Malaysia,2006,237,2,0.84,199.08
Malaysia,2004,16,0,0,0
Malaysia,2001,557,11,1.97,1097.29
Malaysia,2000,124,1,0.81,100.44
Malaysia,1999,535,0,0,0
Malaysia,1998,1304,19,1.46,1903.84
Malaysia,1997,389,4,1.03,400.67
Malaysia,1996,1486,0,0,0
Malaysia,1995,2209,27,1.22,2694.98
Malaysia,1994,534,0,0,0
Malaysia,1993,995,13,1.31,1303.45
Malaysia,1992,474,8,1.69,801.06
Malaysia,1991,506,6,1.19,602.14
Malaysia,1990,2071,38,1.83,3789.93
Malaysia,1989,393,14,3.56,1399.08
Malaysia,1988,1324,32,2.42,3204.08
Malaysia,1987,1168,18,1.54,1798.72
Malaysia,1986,55,2,3.64,200.2
Malaysia,1985,52,2,3.85,200.2
Malaysia,1984,67,1,1.49,99.83
Malaysia,1983,2195,38,1.73,3797.35
Malaysia,1982,516,17,3.29,1697.64
Malaysia,1981,469,14,2.99,1402.31
Malaysia,1980,97,7,7.22,700.34
Malaysia,1979,502,10,1.99,998.98
Malaysia,1978,1635,64,3.91,6392.85
Malaysia,1977,444,12,2.7,1198.8
Malaysia,1976,246,4,1.63,400.98
Malaysia,1975,110,8,7.27,799.7
Malaysia,1974,349,0,0,0
Malaysia,1973,369,17,4.61,1701.09
Malaysia,1972,864,11,1.27,1097.28
Malaysia,1971,53,1,1.89,100.17
Malaysia,1970,106,3,2.83,299.98
Malaysia,1969,70,0,0,0
Malaysia,1968,15,3,20,300
Malaysia,1966,5,0,0,0
Malaysia,1965,16,1,6.25,100
Malaysia,1964,512,143,27.93,14300.16
Malaysia,1963,349,24,6.88,2401.12
Malaysia,1954,1,0,0,0
Maldives,1978,11336,220,1.94,21991.84
Mali,2013,23,2,8.7,200.1
Mali,2012,219,19,8.68,1900.92
Mali,2011,2220,95,4.28,9501.6
Mali,2008,153,5,3.27,500.31
Mali,2006,7,0,0,0
Mali,2005,1178,76,6.45,7598.1
Mali,2004,2839,205,7.22,20497.58
Mali,2003,1455,119,8.18,11901.9
Mali,2002,18,2,11.11,199.98
Mali,2001,67,9,13.43,899.81
Mali,2000,1885,51,2.71,5108.35
Mali,1999,6,3,50,300
Mali,1997,6,3,50,300
Mali,1996,5723,761,13.3,76115.9
Mali,1995,2191,231,10.54,23093.14
Mali,1987,352,84,23.86,8398.72
Mali,1986,1916,151,7.88,15098.08
Mali,1985,3759,838,22.29,83788.11
Mali,1984,1795,406,22.62,40602.9
Mali,1974,130,21,16.15,2099.5
Mali,1973,219,32,14.61,3199.59
Mali,1972,2,0,0,0
Mali,1971,4792,1321,27.57,132115.44
Mali,1970,2665,201,7.54,20094.1
Marshall Islands,2000,300,6,2,600
Mauritania,2011,46,3,6.52,299.92
Mauritania,2007,3,0,0,0
Mauritania,2006,25,0,0,0
Mauritania,2005,4132,70,1.69,6983.08
Mauritania,2003,34,8,23.53,800.02
Mauritania,2002,80,0,0,0
Mauritania,1997,462,7,1.52,702.24
Mauritania,1996,4534,148,3.26,14780.84
Mauritania,1989,700,27,3.86,2702
Mauritania,1988,575,38,6.61,3800.75
Mauritania,1987,1578,101,6.4,10099.2
Mauritania,1986,3734,113,3.03,11314.02
Mauritania,1985,259,20,7.72,1999.48
Mauritania,1984,166,15,9.04,1500.64
Mauritania,1973,150,22,14.67,2200.5
Mauritania,1972,148,24,16.22,2400.56
Mauritania,1971,1139,53,4.65,5296.35
Mauritius,2006,0,0,0,0
Mauritius,2005,0,0,0,0
Mexico,2015,1,0,0,0
Mexico,2014,14,0,0,0
Mexico,2013,187,1,0.53,99.11
Mexico,2012,2,0,0,0
Mexico,2011,1,0,0,0
Mexico,2010,1,0,0,0
Mexico,2008,1,0,0,0
Mexico,2001,1,0,0,0
Mexico,2000,5,0,0,0
Mexico,1998,71,0,0,0
Mexico,1997,2356,1,0.04,94.24
Mexico,1996,1088,5,0.46,500.48
Mexico,1995,16430,137,0.83,13636.9
Mexico,1994,4059,56,1.38,5601.42
Mexico,1993,10712,193,1.8,19281.6
Mexico,1992,8162,99,1.21,9876.02
Mexico,1991,2690,34,1.26,3389.4
Micronesia (Federated States of),2005,0,0,0,0
Micronesia (Federated States of),2001,14,0,0,0
Micronesia (Federated States of),2000,3452,20,0.58,2002.16
Micronesia (Federated States of),1996,1,0,0,0
Micronesia (Federated States of),1990,34,1,2.94,99.96
Mongolia,2005,0,0,0,0
Mongolia,1996,177,12,6.78,1200.06
Morocco,1994,6,0,0,0
Morocco,1990,4573,137,3,13719
Morocco,1976,2,0,0,0
Morocco,1972,7,0,0,0
Morocco,1971,56,0,0,0
Mozambique,2016,883,2,0.2,176.6
Mozambique,2015,8739,64,0.7,6117.3
Mozambique,2014,480,1,0.2,96
Mozambique,2013,1869,19,1.02,1906.38
Mozambique,2012,647,7,1.08,698.76
Mozambique,2011,1279,5,0.39,498.81
Mozambique,2010,7430,117,1.57,11665.1
Mozambique,2009,19679,155,0.79,15546.41
Mozambique,2008,9087,102,1.12,10177.44
Mozambique,2007,2622,22,0.84,2202.48
Mozambique,2006,6306,29,0.46,2900.76
Mozambique,2005,2226,24,1.08,2404.08
Mozambique,2004,20080,110,0.55,11044
Mozambique,2003,13758,102,0.74,10180.92
Mozambique,2002,24375,342,1.4,34125
Mozambique,2001,8794,102,1.16,10201.04
Mozambique,2000,17649,238,1.35,23826.15
Mozambique,1999,44329,1194,2.69,119245.01
Mozambique,1998,42672,1353,3.17,135270.24
Mozambique,1997,8739,259,2.96,25867.44
Mozambique,1996,0,0,0,0
Mozambique,1994,692,27,3.9,2698.8
Mozambique,1993,19803,507,2.56,50695.68
Mozambique,1992,30802,727,2.36,72692.72
Mozambique,1991,7847,328,4.18,32800.46
Mozambique,1990,4152,194,4.67,19389.84
Mozambique,1989,371,12,3.23,1198.33
Mozambique,1986,1,0,0,0
Mozambique,1985,3,0,0,0
Mozambique,1984,521,11,2.11,1099.31
Mozambique,1983,10745,447,4.16,44699.2
Mozambique,1982,2301,199,8.65,19903.65
Mozambique,1981,1753,132,7.53,13200.09
Mozambique,1980,1212,85,7.01,8496.12
Mozambique,1979,4564,547,11.99,54722.36
Mozambique,1977,18,3,16.67,300.06
Mozambique,1976,3,2,66.67,200.01
Mozambique,1975,11,3,27.27,299.97
Mozambique,1974,1018,138,13.56,13804.08
Mozambique,1973,453,87,19.21,8702.13
Myanmar,2016,782,11,1.4,1094.8
Myanmar,2015,103,12,11.7,1205.1
Myanmar,2014,400,0,0,0
Myanmar,2013,33,0,0,0
Myanmar,2012,174,0,0,0
Myanmar,2011,16,0,0,0
Myanmar,2008,45,1,2.22,99.9
Myanmar,1995,1296,6,0.46,596.16
Myanmar,1994,421,4,0.95,399.95
Myanmar,1993,1758,52,2.96,5203.68
Myanmar,1992,826,50,6.05,4997.3
Myanmar,1991,924,39,4.22,3899.28
Myanmar,1989,597,11,1.84,1098.48
Myanmar,1983,989,29,2.93,2897.77
Myanmar,1981,28,3,10.71,299.88
Myanmar,1980,1018,50,4.91,4998.38
Myanmar,1979,874,75,8.58,7498.92
Myanmar,1978,3551,372,10.48,37214.48
Myanmar,1976,1519,173,11.39,17301.41
Myanmar,1975,2942,172,5.85,17210.7
Myanmar,1974,2363,203,8.59,20298.17
Myanmar,1973,386,24,6.22,2400.92
Myanmar,1972,180,7,3.89,700.2
Myanmar,1971,378,42,11.11,4199.58
Myanmar,1970,911,76,8.34,7597.74
Myanmar,1969,205,34,16.59,3400.95
Myanmar,1968,3,0,0,0
Myanmar,1967,9,0,0,0
Myanmar,1966,263,17,6.46,1698.98
Myanmar,1965,207,8,3.86,799.02
Myanmar,1964,922,171,18.55,17103.1
Myanmar,1963,3019,783,25.94,78312.86
Myanmar,1962,1,0,0,0
Myanmar,1961,1,0,0,0
Myanmar,1960,259,200,77.22,19999.98
Myanmar,1959,3,2,66.67,200.01
Myanmar,1958,7,3,42.86,300.02
Myanmar,1957,10,3,30,300
Myanmar,1956,13,6,46.15,599.95
Myanmar,1955,42,12,28.57,1199.94
Myanmar,1954,35,19,54.29,1900.15
Myanmar,1953,22,9,40.91,900.02
Myanmar,1952,347,245,70.61,24501.67
Myanmar,1951,6753,4685,69.38,468523.14
Myanmar,1950,4212,2785,66.12,278497.44
Namibia,2014,485,13,2.7,1309.5
Namibia,2013,3,0,0,0
Namibia,2009,159,3,1.89,300.51
Namibia,2008,3496,38,1.09,3810.64
Namibia,2007,14,0,0,0
Namibia,2006,185,5,2.7,499.5
Namibia,2005,0,0,0,0
Nauru,1979,50,0,0,0
Nauru,1978,38,0,0,0
Nepal,2016,169,0,0,0
Nepal,2015,80,0,0,0
Nepal,2014,933,2,0.2,186.6
Nepal,2012,34,0,0,0
Nepal,2011,12,0,0,0
Nepal,2010,1790,9,0.5,895
Nepal,2009,82,0,0,0
Nepal,2007,264,0,0,0
Nepal,1998,1745,17,0.97,1692.65
Nepal,1997,245,0,0,0
Nepal,1996,274,1,0.37,101.38
Nepal,1995,157,0,0,0
Nepal,1994,32,0,0,0
Nepal,1993,31,0,0,0
Nepal,1992,798,15,1.88,1500.24
Nepal,1991,30648,873,2.85,87346.8
Nepal,1990,23888,495,2.07,49448.16
Nepal,1989,141,2,1.42,200.22
Nepal,1981,24,0,0,0
Nepal,1980,1,0,0,0
Nepal,1979,22,0,0,0
Nepal,1978,1662,10,0.6,997.2
Nepal,1977,428,4,0.93,398.04
Nepal,1976,185,1,0.54,99.9
Nepal,1975,260,0,0,0
Nepal,1974,8,0,0,0
Nepal,1973,7,0,0,0
Nepal,1972,1,0,0,0
Nepal,1971,4,0,0,0
Nepal,1970,391,1,0.26,101.66
Nepal,1969,226,6,2.65,598.9
Nepal,1968,34,17,50,1700
Nepal,1966,2,0,0,0
Nepal,1965,727,97,13.34,9698.18
Nepal,1958,2706,384,14.19,38398.14
Netherlands (Kingdom of the),2016,1,0,0,0
Netherlands (Kingdom of the),2008,5,0,0,0
Netherlands (Kingdom of the),2006,3,0,0,0
Netherlands (Kingdom of the),2005,4,0,0,0
Netherlands (Kingdom of the),2004,1,0,0,0
Netherlands (Kingdom of the),2003,1,0,0,0
Netherlands (Kingdom of the),2002,1,0,0,0
Netherlands (Kingdom of the),2000,1,0,0,0
Netherlands (Kingdom of the),1999,2,0,0,0
Netherlands (Kingdom of the),1998,4,0,0,0
Netherlands (Kingdom of the),1997,2,0,0,0
Netherlands (Kingdom of the),1996,3,0,0,0
Netherlands (Kingdom of the),1995,9,0,0,0
Netherlands (Kingdom of the),1994,1,0,0,0
Netherlands (Kingdom of the),1993,3,0,0,0
Netherlands (Kingdom of the),1990,3,0,0,0
Netherlands (Kingdom of the),1988,1,0,0,0
Netherlands (Kingdom of the),1983,2,0,0,0
Netherlands (Kingdom of the),1981,2,0,0,0
Netherlands (Kingdom of the),1979,5,0,0,0
Netherlands (Kingdom of the),1978,4,0,0,0
Netherlands (Kingdom of the),1977,1,0,0,0
Netherlands (Kingdom of the),1976,1,1,100,100
New Zealand,2005,1,0,0,0
New Zealand,2001,1,0,0,0
New Zealand,1999,1,0,0,0
New Zealand,1998,1,0,0,0
New Zealand,1995,2,0,0,0
New Zealand,1994,2,0,0,0
New Zealand,1990,5,0,0,0
New Zealand,1987,2,0,0,0
New Zealand,1972,3,1,33.33,99.99
Nicaragua,2000,12,0,0,0
Nicaragua,1999,552,7,1.27,701.04
Nicaragua,1998,1437,29,2.02,2902.74
Nicaragua,1997,1283,36,2.81,3605.23
Nicaragua,1996,2813,107,3.8,10689.4
Nicaragua,1995,8825,164,1.86,16414.5
Nicaragua,1994,7821,134,1.71,13373.91
Nicaragua,1993,6631,220,3.32,22014.92
Nicaragua,1992,3067,46,1.5,4600.5
Nicaragua,1991,1,0,0,0
Niger,2016,38,6,15.8,600.4
Niger,2015,51,4,7.8,397.8
Niger,2014,2059,80,3.9,8030.1
Niger,2013,585,13,2.22,1298.7
Niger,2012,5284,110,2.08,10990.72
Niger,2011,2324,60,2.58,5995.92
Niger,2010,1154,66,5.72,6600.88
Niger,2008,972,70,7.2,6998.4
Niger,2007,24,2,8.33,199.92
Niger,2006,1232,81,6.57,8094.24
Niger,2005,553,55,9.95,5502.35
Niger,2004,2178,57,2.62,5706.36
Niger,2003,292,11,3.77,1100.84
Niger,2002,236,12,5.08,1198.88
Niger,2001,81,1,1.23,99.63
Niger,2000,225,38,16.89,3800.25
Niger,1999,1186,85,7.17,8503.62
Niger,1997,259,13,5.02,1300.18
Niger,1996,3957,206,5.21,20615.97
Niger,1995,264,15,5.68,1499.52
Niger,1994,732,83,11.34,8300.88
Niger,1991,3238,367,11.33,36686.54
Niger,1989,166,22,13.25,2199.5
Niger,1984,3788,308,8.13,30796.44
Niger,1981,7,0,0,0
Niger,1974,286,75,26.22,7498.92
Niger,1973,121,16,13.22,1599.62
Niger,1972,51,12,23.53,1200.03
Niger,1971,9265,2344,25.3,234404.5
Niger,1970,16,8,50,800
Nigeria,2016,768,32,4.2,3225.6
Nigeria,2015,5290,186,3.5,18515
Nigeria,2014,35996,755,2.1,75591.6
Nigeria,2013,6600,229,3.47,22902
Nigeria,2012,597,18,3.02,1802.94
Nigeria,2011,23377,742,3.17,74105.09
Nigeria,2010,44456,1712,3.85,171155.6
Nigeria,2009,13691,431,3.15,43126.65
Nigeria,2008,5410,247,4.57,24723.7
Nigeria,2007,1661,48,2.89,4800.29
Nigeria,2006,2028,127,6.26,12695.28
Nigeria,2005,4477,174,3.89,17415.53
Nigeria,2004,3186,185,5.81,18510.66
Nigeria,2003,1933,87,4.5,8698.5
Nigeria,2002,5429,154,2.84,15418.36
Nigeria,2001,2312,119,5.15,11906.8
Nigeria,2000,2799,43,1.54,4310.46
Nigeria,1999,26358,2085,7.91,208491.78
Nigeria,1998,3464,187,5.4,18705.6
Nigeria,1997,1322,134,10.14,13405.08
Nigeria,1996,12374,1193,9.64,119285.36
Nigeria,1995,1059,87,8.22,8704.98
Nigeria,1994,2859,313,10.95,31306.05
Nigeria,1993,4160,266,6.39,26582.4
Nigeria,1992,8687,686,7.9,68627.3
Nigeria,1991,59478,7654,12.87,765481.86
Nigeria,1989,1078,61,5.66,6101.48
Nigeria,1988,137,10,7.3,1000.1
Nigeria,1987,1290,111,8.6,11094
Nigeria,1986,91,23,25.27,2299.57
Nigeria,1985,30,0,0,0
Nigeria,1984,1667,185,11.1,18503.7
Nigeria,1983,178,2,1.12,199.36
Nigeria,1982,248,18,7.26,1800.48
Nigeria,1981,107,18,16.82,1799.74
Nigeria,1980,138,25,18.12,2500.56
Nigeria,1979,293,4,1.37,401.41
Nigeria,1978,197,20,10.15,1999.55
Nigeria,1977,376,10,2.66,1000.16
Nigeria,1976,112,25,22.32,2499.84
Nigeria,1975,38,1,2.63,99.94
Nigeria,1973,157,27,17.2,2700.4
Nigeria,1972,1363,96,7.04,9595.52
Nigeria,1971,22931,2945,12.84,294434.04
Nigeria,1970,15,4,26.67,400.05
Norway,2015,1,0,0,0
Norway,2007,1,0,0,0
Norway,2006,1,0,0,0
Norway,2005,1,0,0,0
Norway,1998,2,0,0,0
Norway,1995,1,0,0,0
Norway,1989,1,0,0,0
Norway,1987,1,0,0,0
Norway,1981,0,0,0,0
Oman,2015,1,0,0,0
Oman,2002,1,0,0,0
Oman,2001,7,0,0,0
Oman,1971,9,8,88.89,800.01
Pakistan,2014,1218,6,0.5,609
Pakistan,2013,1069,23,2.15,2298.35
Pakistan,2012,144,8,5.6,806.4
Pakistan,2011,527,219,41.56,21902.12
Pakistan,2010,164,0,0,0
Pakistan,1993,12092,206,1.7,20556.4
Pakistan,1981,4,0,0,0
Pakistan,1977,12,1,8.33,99.96
Pakistan,1976,144,0,0,0
Pakistan,1971,1185,43,3.63,4301.55
Pakistan,1970,2,0,0,0
Pakistan,1969,717,17,2.37,1699.29
Pakistan,1968,3932,55,1.4,5504.8
Pakistan,1965,21,1,4.76,99.96
Pakistan,1960,6704,1107,16.51,110683.04
Pakistan,1958,366,86,23.5,8601
Panama,1993,42,4,9.52,399.84
Panama,1992,2416,49,2.03,4904.48
Panama,1991,1178,29,2.46,2897.88
Papua New Guinea,2011,1535,2,0.13,199.55
Papua New Guinea,2010,8997,95,1.06,9536.82
Papua New Guinea,2009,1957,45,2.3,4501.1
Papua New Guinea,2005,0,0,0,0
Papua New Guinea,1962,1293,464,35.89,46405.77
Paraguay,2009,5,0,0,0
Paraguay,1996,4,0,0,0
Paraguay,1993,3,0,0,0
Peru,2002,16,0,0,0
Peru,2001,494,0,0,0
Peru,2000,934,6,0.64,597.76
Peru,1999,1546,6,0.39,602.94
Peru,1998,41717,568,1.36,56735.12
Peru,1997,3483,29,0.83,2890.89
Peru,1996,4518,21,0.46,2078.28
Peru,1995,22397,171,0.76,17021.72
Peru,1994,23887,199,0.83,19826.21
Peru,1993,72404,575,0.79,57199.16
Peru,1992,242237,801,0.33,79938.21
Peru,1991,322562,2909,0.9,290305.8
Philippines,2016,124,0,0,0
Philippines,2014,4547,8,0.2,909.4
Philippines,2013,6,0,0,0
Philippines,2012,1864,14,0.8,1491.2
Philippines,2011,120,3,2.5,300
Philippines,2010,33,2,6.06,199.98
Philippines,2007,0,0,0,0
Philippines,2006,66,1,1.5,99
Philippines,2005,139,2,1.44,200.16
Philippines,2004,533,3,0.56,298.48
Philippines,2001,174,0,0,0
Philippines,2000,275,6,2.18,599.5
Philippines,1999,330,0,0,0
Philippines,1998,729,17,2.33,1698.57
Philippines,1997,605,0,0,0
Philippines,1996,1402,14,1,1402
Philippines,1995,847,4,0.47,398.09
Philippines,1994,3340,27,0.81,2705.4
Philippines,1993,708,10,1.41,998.28
Philippines,1992,345,0,0,0
Philippines,1985,10,1,10,100
Philippines,1982,930,31,3.33,3096.9
Philippines,1981,864,51,5.9,5097.6
Philippines,1980,836,61,7.3,6102.8
Philippines,1979,1268,408,32.18,40804.24
Philippines,1978,1408,122,8.66,12193.28
Philippines,1977,1363,180,13.21,18005.23
Philippines,1976,1258,160,12.72,16001.76
Philippines,1975,680,15,2.21,1502.8
Philippines,1974,1730,33,1.91,3304.3
Philippines,1973,2840,447,15.74,44701.6
Philippines,1972,5601,78,1.39,7785.39
Philippines,1971,3585,109,3.04,10898.4
Philippines,1970,1095,38,3.47,3799.65
Philippines,1969,1541,106,6.88,10602.08
Philippines,1968,2787,89,3.19,8890.53
Philippines,1967,1629,52,3.19,5196.51
Philippines,1966,5261,273,5.19,27304.59
Philippines,1965,4581,448,9.78,44802.18
Philippines,1964,16464,1518,9.22,151798.08
Philippines,1963,3979,433,10.88,43291.52
Philippines,1962,13015,1682,12.92,168153.8
Philippines,1961,9923,1405,14.16,140509.68
Poland,2005,1,0,0,0
Poland,1994,1,0,0,0
Poland,1981,1,0,0,0
Poland,1991,0,0,0,0
Portugal,1995,1,0,0,0
Portugal,1994,1,0,0,0
Portugal,1975,1066,8,0.75,799.5
Portugal,1974,2467,48,1.95,4810.65
Portugal,1971,64,4,6.25,400
Portugal,1981,0,0,0,0
Qatar,2005,2,0,0,0
Qatar,2004,1,0,0,0
Qatar,2002,1,0,0,0
Republic of Korea,2016,4,0,0,0
Republic of Korea,2013,3,0,0,0
Republic of Korea,2011,3,0,0,0
Republic of Korea,2010,1,0,0,0
Republic of Korea,2004,10,0,0,0
Republic of Korea,2001,138,0,0,0
Republic of Korea,1997,10,0,0,0
Republic of Korea,1995,74,0,0,0
Republic of Korea,1994,34,0,0,0
Republic of Korea,1993,5,0,0,0
Republic of Korea,1992,6,0,0,0
Republic of Korea,1991,113,4,3.54,400.02
Republic of Korea,1980,145,4,2.76,400.2
Republic of Korea,1970,475,23,4.84,2299
Republic of Korea,1969,1538,137,8.91,13703.58
Republic of Korea,1964,11,1,9.09,99.99
Republic of Korea,1963,415,38,9.16,3801.4
Republic of Moldova,1995,240,5,2.08,499.2
Republic of Moldova,1994,8,0,0,0
Republic of Moldova,1993,1,0,0,0
Romania,1995,118,3,2.54,299.72
Romania,1994,80,4,5,400
Romania,1993,15,0,0,0
Romania,1992,3,0,0,0
Romania,1991,226,9,3.98,899.48
Romania,1990,270,1,0.37,99.9
Romania,1979,0,8,0,0
Russian Federation,2014,1,0,0,0
Russian Federation,2012,1,0,0,0
Russian Federation,2010,3,0,0,0
Russian Federation,2007,1,0,0,0
Russian Federation,2006,1,0,0,0
Russian Federation,2004,1,0,0,0
Russian Federation,2001,53,0,0,0
Russian Federation,1999,8,0,0,0
Russian Federation,1998,10,0,0,0
Russian Federation,1997,11,0,0,0
Russian Federation,1996,4,1,25,100
Russian Federation,1995,9,0,0,0
Russian Federation,1994,1048,15,1.43,1498.64
Russian Federation,1993,23,2,8.7,200.1
Russian Federation,1992,6,0,0,0
Russian Federation,1991,78,0,0,0
Russian Federation,1990,49,0,0,0
Russian Federation,1977,1,0,0,0
Russian Federation,1976,1,0,0,0
Russian Federation,1970,720,0,0,0
Russian Federation,1986,0,0,0,0
Russian Federation,1984,0,0,0,0
Russian Federation,1981,0,0,0,0
Russian Federation,1980,0,0,0,0
Russian Federation,1971,0,0,0,0
Rwanda,2016,355,0,0,0
Rwanda,2012,9,0,0,0
Rwanda,2009,67,0,0,0
Rwanda,2008,23,0,0,0
Rwanda,2007,1453,21,1.45,2106.85
Rwanda,2006,405,21,5.19,2101.95
Rwanda,2005,89,0,0,0
Rwanda,2004,586,0,0,0
Rwanda,2003,12,0,0,0
Rwanda,2001,157,2,1.27,199.39
Rwanda,2000,1235,8,0.65,802.75
Rwanda,1999,327,49,14.98,4898.46
Rwanda,1998,3220,74,2.3,7406
Rwanda,1997,274,16,5.84,1600.16
Rwanda,1996,106,10,9.43,999.58
Rwanda,1995,3,0,0,0
Rwanda,1994,10,0,0,0
Rwanda,1993,568,34,5.99,3402.32
Rwanda,1992,503,35,6.96,3500.88
Rwanda,1991,679,35,5.15,3496.85
Rwanda,1989,1,0,0,0
Rwanda,1988,70,3,4.29,300.3
Rwanda,1987,101,6,5.94,599.94
Rwanda,1986,226,7,3.1,700.6
Rwanda,1985,21,0,0,0
Rwanda,1984,161,13,8.07,1299.27
Rwanda,1983,54,5,9.26,500.04
Rwanda,1982,201,2,1,201
Rwanda,1981,24,1,4.17,100.08
Rwanda,1980,30,4,13.33,399.9
Rwanda,1979,5,0,0,0
Rwanda,1978,838,48,5.73,4801.74
Samoa,1980,1,0,0,0
Sao Tome and Principe,2008,119,4,3.36,399.84
Sao Tome and Principe,2007,90,0,0,0
Sao Tome and Principe,2006,926,9,0.97,898.22
Sao Tome and Principe,2005,1966,33,1.68,3302.88
Sao Tome and Principe,1991,3,1,33.33,99.99
Sao Tome and Principe,1990,804,9,1.12,900.48
Sao Tome and Principe,1989,3953,64,1.62,6403.86
Saudi Arabia,2002,38,0,0,0
Saudi Arabia,1986,74,3,4.05,299.7
Saudi Arabia,1981,13,0,0,0
Saudi Arabia,1980,2,0,0,0
Saudi Arabia,1979,23,0,0,0
Saudi Arabia,1978,30,1,3.33,99.9
Saudi Arabia,1977,18,0,0,0
Saudi Arabia,1976,50,0,0,0
Saudi Arabia,1975,91,48,52.75,4800.25
Saudi Arabia,1972,303,0,0,0
Saudi Arabia,1970,266,14,5.26,1399.16
Senegal,2012,1,0,0,0
Senegal,2011,5,0,0,0
Senegal,2010,3,0,0,0
Senegal,2009,4,0,0,0
Senegal,2008,1283,20,1.56,2001.48
Senegal,2007,3984,24,0.6,2390.4
Senegal,2006,365,10,2.74,1000.1
Senegal,2005,31719,458,0,0
Senegal,2004,1227,10,0.82,1006.14
Senegal,1997,371,11,2.97,1101.87
Senegal,1996,16107,765,4.75,76508.25
Senegal,1995,3332,160,4.8,15993.6
Senegal,1988,390,1,0.26,101.4
Senegal,1987,3150,288,9.14,28791
Senegal,1986,476,63,13.24,6302.24
Senegal,1985,2988,474,15.86,47389.68
Senegal,1984,728,94,12.91,9398.48
Senegal,1981,428,0,0,0
Senegal,1979,103,3,2.91,299.73
Senegal,1978,315,8,2.54,800.1
Senegal,1972,379,37,9.76,3699.04
Senegal,1971,265,60,22.64,5999.6
Seychelles,2008,0,0,0,0
Seychelles,2007,178,1,0.56,99.68
Seychelles,2006,0,0,0,0
Seychelles,2005,0,0,0,0
Sierra Leone,2013,377,32,8.49,3200.73
Sierra Leone,2012,23124,299,1.29,29829.96
Sierra Leone,2008,62,1,1.61,99.82
Sierra Leone,2007,2219,84,3.79,8410.01
Sierra Leone,2006,2560,99,3.87,9907.2
Sierra Leone,2005,6,0,0,0
Sierra Leone,2004,513,42,8.19,4201.47
Sierra Leone,1999,863,5,0.58,500.54
Sierra Leone,1998,2096,57,2.72,5701.12
Sierra Leone,1995,10285,447,4.35,44739.75
Sierra Leone,1994,9709,623,6.42,62331.78
Sierra Leone,1987,557,30,5.39,3002.23
Sierra Leone,1986,8957,669,7.47,66908.79
Sierra Leone,1977,12,0,0,0
Sierra Leone,1971,211,13,6.16,1299.76
Sierra Leone,1970,293,74,25.26,7401.18
Singapore,2014,2,0,0,0
Singapore,2013,2,0,0,0
Singapore,2012,2,0,0,0
Singapore,2011,2,0,0,0
Singapore,2004,11,1,9.09,99.99
Singapore,2003,1,0,0,0
Singapore,2002,2,0,0,0
Singapore,2001,8,0,0,0
Singapore,2000,10,0,0,0
Singapore,1999,11,0,0,0
Singapore,1998,31,2,6.45,199.95
Singapore,1997,19,0,0,0
Singapore,1996,19,1,5.26,99.94
Singapore,1995,14,0,0,0
Singapore,1994,41,1,2.44,100.04
Singapore,1993,24,0,0,0
Singapore,1992,17,0,0,0
Singapore,1991,34,2,5.88,199.92
Singapore,1990,26,0,0,0
Singapore,1989,39,0,0,0
Singapore,1988,19,0,0,0
Singapore,1987,63,0,0,0
Singapore,1986,27,0,0,0
Singapore,1985,27,1,3.7,99.9
Singapore,1984,40,8,20,800
Singapore,1983,14,0,0,0
Singapore,1982,31,0,0,0
Singapore,1981,34,0,0,0
Singapore,1980,18,0,0,0
Singapore,1979,10,0,0,0
Singapore,1978,83,0,0,0
Singapore,1977,11,0,0,0
Singapore,1975,10,0,0,0
Singapore,1974,8,0,0,0
Singapore,1973,1,0,0,0
Singapore,1972,114,3,2.63,299.82
Singapore,1969,11,4,36.36,399.96
Singapore,1968,6,0,0,0
Singapore,1964,24,3,12.5,300
Singapore,1963,27,2,7.41,200.07
Singapore,1953,0,0,0,0
Slovenia,2007,0,0,0,0
Somalia,2016,15619,548,3.5,54666.5
Somalia,2015,7536,84,1.1,8289.6
Somalia,2014,2820,0,0,0
Somalia,2013,6864,140,2.04,14002.56
Somalia,2012,22576,200,0.89,20092.64
Somalia,2011,77636,1130,1.46,113348.56
Somalia,2010,3510,103,2.93,10284.3
Somalia,2009,208,3,1.44,299.52
Somalia,2008,1281,16,1.25,1601.25
Somalia,2007,41643,1182,2.84,118266.12
Somalia,2004,4490,26,0.58,2604.2
Somalia,2003,11020,56,0.51,5620.2
Somalia,2002,2775,159,5.73,15900.75
Somalia,2001,2567,93,3.62,9292.54
Somalia,2000,7496,563,7.51,56294.96
Somalia,1999,17757,693,3.9,69252.3
Somalia,1998,4417,196,4.44,19611.48
Somalia,1997,6814,252,3.7,25211.8
Somalia,1996,10274,464,4.52,46438.48
Somalia,1995,9255,191,2.06,19065.3
Somalia,1994,28334,1206,4.26,120702.84
Somalia,1986,15980,1945,12.17,194476.6
Somalia,1985,10199,1589,15.58,158900.42
Somalia,1971,89,10,11.24,1000.36
Somalia,1970,43,10,23.26,1000.18
South Africa,2013,1,0,0,0
South Africa,2009,10520,57,0.54,5680.8
South Africa,2008,3907,22,0.56,2187.92
South Africa,2006,0,0,0,0
South Africa,2005,3503,28,0.8,2802.4
South Africa,2004,2767,35,1.26,3486.42
South Africa,2003,3901,45,1.15,4486.15
South Africa,2002,10004,32,0.32,3201.28
South Africa,2001,106159,232,0.22,23354.98
South Africa,2000,19667,68,0.35,6883.45
South Africa,1999,68,2,2.94,199.92
South Africa,1998,20,1,5,100
South Africa,1994,4,0,0,0
South Africa,1993,78,2,2.56,199.68
South Africa,1992,11,0,0,0
South Africa,1991,10,0,0,0
South Africa,1987,37,0,0,0
South Africa,1986,120,1,0.83,99.6
South Africa,1985,2742,4,0.15,411.3
South Africa,1984,1182,20,1.69,1997.58
South Africa,1983,4715,63,1.34,6318.1
South Africa,1982,11968,224,1.87,22380.16
South Africa,1981,4180,52,1.24,5183.2
South Africa,1980,859,16,1.86,1597.74
South Africa,1979,2,0,0,0
South Africa,1974,37,0,0,0
South Africa,1973,1,0,0,0
South Sudan,2016,4295,82,1.9,8160.5
South Sudan,2015,1818,47,2.6,4726.8
South Sudan,2014,6421,167,2.6,16694.6
Spain,2015,2,0,0,0
Spain,2008,5,0,0,0
Spain,2007,2,0,0,0
Spain,2006,2,0,0,0
Spain,2002,1,0,0,0
Spain,2001,1,0,0,0
Spain,1996,1,0,0,0
Spain,1995,6,0,0,0
Spain,1994,1,0,0,0
Spain,1993,3,0,0,0
Spain,1991,1,0,0,0
Spain,1990,11,0,0,0
Spain,1989,3,0,0,0
Spain,1987,2,0,0,0
Spain,1984,4,0,0,0
Spain,1983,2,0,0,0
Spain,1982,2,0,0,0
Spain,1980,4,0,0,0
Spain,1979,267,0,0,0
Spain,1976,2,0,0,0
Spain,1975,11,0,0,0
Spain,1974,5,0,0,0
Spain,1971,22,0,0,0
Sri Lanka,2002,9,1,11.11,99.99
Sri Lanka,2000,2,0,0,0
Sri Lanka,1999,108,5,4.63,500.04
Sri Lanka,1998,1536,49,3.19,4899.84
Sri Lanka,1997,430,12,2.79,1199.7
Sri Lanka,1993,1,0,0,0
Sri Lanka,1992,121,3,2.48,300.08
Sri Lanka,1991,70,2,2.86,200.2
Sri Lanka,1988,154,11,7.14,1099.56
Sri Lanka,1983,86,2,2.33,200.38
Sri Lanka,1982,309,21,6.8,2101.2
Sri Lanka,1981,574,57,9.93,5699.82
Sri Lanka,1980,104,4,3.85,400.4
Sri Lanka,1979,46,0,0,0
Sri Lanka,1978,48,2,4.17,200.16
Sri Lanka,1977,5,0,0,0
Sri Lanka,1976,728,16,2.2,1601.6
Sri Lanka,1975,1453,67,4.61,6698.33
Sri Lanka,1974,4559,333,7.3,33280.7
Sri Lanka,1973,118,13,11.02,1300.36
Sudan,2009,13681,52,0.38,5198.78
Sudan,2008,17241,118,0.68,11723.88
Sudan,2007,13731,500,3.64,49980.84
Sudan,2006,30662,1011,3.29,100877.98
Sudan,1999,0,0,0,0
Sudan,1985,4457,239,5.36,23889.52
Sudan,1980,17,2,11.76,199.92
Sudan,1979,845,176,20.83,17601.35
Suriname,1992,12,1,8.33,99.96
Sweden,2015,1,0,0,0
Sweden,2011,1,0,0,0
Sweden,2006,1,0,0,0
Sweden,2004,1,0,0,0
Sweden,2003,1,0,0,0
Sweden,1996,1,0,0,0
Sweden,1995,2,0,0,0
Sweden,1994,1,0,0,0
Sweden,1992,1,0,0,0
Sweden,1987,1,0,0,0
Sweden,1986,1,0,0,0
Sweden,1979,1,0,0,0
Sweden,1976,1,0,0,0
Sweden,1974,1,0,0,0
Sweden,1973,10,0,0,0
Sweden,1971,4,0,0,0
Sweden,1984,0,0,0,0
Switzerland,2015,2,0,0,0
Switzerland,2006,1,0,0,0
Switzerland,1998,2,0,0,0
Switzerland,1995,2,0,0,0
Switzerland,1993,2,0,0,0
Switzerland,1992,1,0,0,0
Switzerland,1988,1,0,0,0
Switzerland,1985,1,0,0,0
Switzerland,1981,2,0,0,0
Switzerland,1978,1,0,0,0
Switzerland,1977,1,0,0,0
Switzerland,1980,0,0,0,0
Syrian Arab Republic,1979,689,30,4.35,2997.15
Syrian Arab Republic,1977,2362,66,2.79,6589.98
Syrian Arab Republic,1976,795,11,1.38,1097.1
Syrian Arab Republic,1975,67,6,8.96,600.32
Syrian Arab Republic,1972,505,25,4.95,2499.75
Syrian Arab Republic,1971,5,0,0,0
Syrian Arab Republic,1970,49,0,0,0
Tajikistan,1994,10,0,0,0
Tajikistan,1993,165,5,3.03,499.95
Thailand,2016,52,1,1.9,98.8
Thailand,2015,125,1,0.8,100
Thailand,2014,12,0,0,0
Thailand,2013,8,0,0,0
Thailand,2012,29,0,0,0
Thailand,2011,279,4,1.43,398.97
Thailand,2010,1974,15,0.76,1500.24
Thailand,2009,315,2,0.63,198.45
Thailand,2008,436,3,0.69,300.84
Thailand,2007,1428,7,0.49,699.72
Thailand,2006,35,0,0,0
Thailand,1994,3487,5,0.14,488.18
Thailand,1988,3418,41,1.2,4101.6
Thailand,1987,6353,36,0.57,3621.21
Thailand,1986,213,1,0.47,100.11
Thailand,1985,899,14,1.56,1402.44
Thailand,1984,645,19,2.95,1902.75
Thailand,1983,1497,41,2.74,4101.78
Thailand,1982,638,16,2.51,1601.38
Thailand,1981,39,2,5.13,200.07
Thailand,1980,4331,85,1.96,8488.76
Thailand,1979,1788,44,2.46,4398.48
Thailand,1978,4183,123,2.94,12298.02
Thailand,1977,383,5,1.31,501.73
Thailand,1976,6,0,0,0
Thailand,1975,1335,88,6.59,8797.65
Thailand,1974,1475,64,4.34,6401.5
Thailand,1973,844,33,3.91,3300.04
Thailand,1969,961,40,4.16,3997.76
Thailand,1968,404,21,5.2,2100.8
Thailand,1967,148,6,4.05,599.4
Thailand,1966,401,21,5.24,2101.24
Thailand,1965,65,4,6.15,399.75
Thailand,1964,960,30,3.13,3004.8
Thailand,1963,2230,156,7,15610
Thailand,1959,4368,613,14.03,61283.04
Thailand,1958,10201,1426,13.98,142609.98
Thailand,1951,1,0,0,0
Thailand,1949,16,2,12.5,200
The former state union Serbia and Montenegro,1994,2,0,0,0
The former state union Serbia and Montenegro,1989,4,0,0,0
The former state union Serbia and Montenegro,1981,2,0,0,0
The former state union Serbia and Montenegro,1976,3,1,33.33,99.99
Togo,2015,35,1,2.9,101.5
Togo,2014,262,11,4.2,1100.4
Togo,2013,166,4,2.41,400.06
Togo,2012,61,1,1.64,100.04
Togo,2011,4,0,0,0
Togo,2010,72,3,4.17,300.24
Togo,2009,218,1,0.46,100.28
Togo,2008,397,3,0.76,301.72
Togo,2007,65,1,1.54,100.1
Togo,2006,1159,25,2.16,2503.44
Togo,2005,1320,15,1.14,1504.8
Togo,2004,1080,33,3.06,3304.8
Togo,2003,384,28,7.29,2799.36
Togo,2002,257,14,5.45,1400.65
Togo,2001,2551,130,5.1,13010.1
Togo,2000,338,23,6.8,2298.4
Togo,1999,667,31,4.65,3101.55
Togo,1998,3217,221,6.87,22100.79
Togo,1997,42,7,16.67,700.14
Togo,1996,146,17,11.64,1699.44
Togo,1995,65,4,6.15,399.75
Togo,1994,47,5,10.64,500.08
Togo,1993,19,2,10.53,200.07
Togo,1992,753,53,7.04,5301.12
Togo,1991,2396,81,3.38,8098.48
Togo,1988,1,0,0,0
Togo,1978,6,6,100,600
Togo,1977,132,12,9.09,1199.88
Togo,1974,58,8,13.79,799.82
Togo,1972,16,0,0,0
Togo,1971,335,26,7.76,2599.6
Togo,1970,75,3,4,300
Tonga,2001,145,2,1.38,200.1
Tunisia,1973,656,16,2.44,1600.64
Tunisia,1972,4,0,0,0
Tunisia,1970,27,0,0,0
Turkiye,1977,17,0,0,0
Turkiye,1970,384,52,13.54,5199.36
Turkmenistan,2002,30,2,6.67,200.1
Turkmenistan,2001,561,6,1.07,600.27
Turkmenistan,1997,55,0,0,0
Turkmenistan,1994,1,0,0,0
Tuvalu,1992,293,8,2.73,799.89
Tuvalu,1990,42,0,0,0
Uganda,2016,516,11,2.1,1083.6
Uganda,2015,1461,33,2.3,3360.3
Uganda,2014,309,9,2.9,896.1
Uganda,2013,748,27,3.61,2700.28
Uganda,2012,6326,135,2.13,13474.38
Uganda,2010,2341,78,3.33,7795.53
Uganda,2009,1095,23,2.1,2299.5
Uganda,2008,3726,120,3.22,11997.72
Uganda,2007,276,3,1.09,300.84
Uganda,2006,5194,106,2.04,10595.76
Uganda,2005,4924,98,0,0
Uganda,2004,3380,91,2.69,9092.2
Uganda,2003,4377,129,2.95,12912.15
Uganda,2002,2274,133,5.85,13302.9
Uganda,2001,247,4,1.62,400.14
Uganda,2000,2807,172,6.13,17206.91
Uganda,1999,5179,228,4.4,22787.6
Uganda,1998,49514,2064,4.17,206473.38
Uganda,1997,2610,188,7.2,18792
Uganda,1996,291,40,13.75,4001.25
Uganda,1995,538,66,12.27,6601.26
Uganda,1994,704,39,5.54,3900.16
Uganda,1992,5072,104,2.05,10397.6
Uganda,1991,279,28,10.04,2801.16
Uganda,1987,140,50,35.71,4999.4
Uganda,1982,190,48,25.26,4799.4
Uganda,1980,1539,181,11.76,18098.64
Uganda,1979,940,60,6.38,5997.2
Uganda,1978,1120,110,9.82,10998.4
Uganda,1975,3,0,0,0
Uganda,1971,757,30,3.96,2997.72
Ukraine,2011,33,0,0,0
Ukraine,2007,0,0,0,0
Ukraine,1999,2,0,0,0
Ukraine,1995,525,10,1.9,997.5
Ukraine,1994,813,20,2.46,1999.98
Ukraine,1991,75,0,0,0
United Arab Emirates,2002,3,0,0,0
United Arab Emirates,1972,2,0,0,0
United Kingdom of Great Britain and Northern Ireland,2016,19,0,0,0
United Kingdom of Great Britain and Northern Ireland,2015,15,0,0,0
United Kingdom of Great Britain and Northern Ireland,2014,14,0,0,0
United Kingdom of Great Britain and Northern Ireland,2013,6,0,0,0
United Kingdom of Great Britain and Northern Ireland,2012,17,0,0,0
United Kingdom of Great Britain and Northern Ireland,2011,32,0,0,0
United Kingdom of Great Britain and Northern Ireland,2010,8,0,0,0
United Kingdom of Great Britain and Northern Ireland,2009,16,0,0,0
United Kingdom of Great Britain and Northern Ireland,2008,8,0,0,0
United Kingdom of Great Britain and Northern Ireland,2007,32,0,0,0
United Kingdom of Great Britain and Northern Ireland,2006,49,0,0,0
United Kingdom of Great Britain and Northern Ireland,2004,13,0,0,0
United Kingdom of Great Britain and Northern Ireland,2003,9,0,0,0
United Kingdom of Great Britain and Northern Ireland,2000,33,0,0,0
United Kingdom of Great Britain and Northern Ireland,1998,18,0,0,0
United Kingdom of Great Britain and Northern Ireland,1997,6,0,0,0
United Kingdom of Great Britain and Northern Ireland,1996,13,0,0,0
United Kingdom of Great Britain and Northern Ireland,1995,10,0,0,0
United Kingdom of Great Britain and Northern Ireland,1994,18,0,0,0
United Kingdom of Great Britain and Northern Ireland,1993,13,0,0,0
United Kingdom of Great Britain and Northern Ireland,1992,5,0,0,0
United Kingdom of Great Britain and Northern Ireland,1991,8,0,0,0
United Kingdom of Great Britain and Northern Ireland,1990,6,0,0,0
United Kingdom of Great Britain and Northern Ireland,1989,1,0,0,0
United Kingdom of Great Britain and Northern Ireland,1988,10,0,0,0
United Kingdom of Great Britain and Northern Ireland,1987,2,0,0,0
United Kingdom of Great Britain and Northern Ireland,1986,11,0,0,0
United Kingdom of Great Britain and Northern Ireland,1985,4,1,25,100
United Kingdom of Great Britain and Northern Ireland,1984,5,0,0,0
United Kingdom of Great Britain and Northern Ireland,1983,4,0,0,0
United Kingdom of Great Britain and Northern Ireland,1982,1,0,0,0
United Kingdom of Great Britain and Northern Ireland,1981,12,0,0,0
United Kingdom of Great Britain and Northern Ireland,1980,6,0,0,0
United Kingdom of Great Britain and Northern Ireland,1977,2,0,0,0
United Kingdom of Great Britain and Northern Ireland,1976,1,0,0,0
United Kingdom of Great Britain and Northern Ireland,1975,1,0,0,0
United Kingdom of Great Britain and Northern Ireland,1974,3,0,0,0
United Kingdom of Great Britain and Northern Ireland,1973,5,0,0,0
United Kingdom of Great Britain and Northern Ireland,1972,2,0,0,0
United Kingdom of Great Britain and Northern Ireland,1971,3,0,0,0
United Kingdom of Great Britain and Northern Ireland,1970,1,0,0,0
United Republic of Tanzania,2016,11360,172,1.5,17040
United Republic of Tanzania,2015,11563,144,1.2,13875.6
United Republic of Tanzania,2013,270,17,6.3,1701
United Republic of Tanzania,2012,286,4,1.4,400.4
United Republic of Tanzania,2011,942,11,1.17,1102.14
United Republic of Tanzania,2010,4469,59,1.32,5899.08
United Republic of Tanzania,2009,7700,113,1.47,11319
United Republic of Tanzania,2008,2911,88,3.02,8791.22
United Republic of Tanzania,2007,1609,65,4.04,6500.36
United Republic of Tanzania,2006,14297,254,1.78,25448.66
United Republic of Tanzania,2005,2945,94,3.19,9394.55
United Republic of Tanzania,2004,10319,272,2.64,27242.16
United Republic of Tanzania,2003,710,32,4.51,3202.1
United Republic of Tanzania,2002,11920,297,2.49,29680.8
United Republic of Tanzania,2001,1300,52,4,5200
United Republic of Tanzania,2000,4637,156,3.36,15580.32
United Republic of Tanzania,1999,12266,584,4.76,58386.16
United Republic of Tanzania,1998,14488,608,4.2,60849.6
United Republic of Tanzania,1997,40249,2231,5.54,222979.46
United Republic of Tanzania,1996,1464,36,2.46,3601.44
United Republic of Tanzania,1995,2957,96,3.25,9610.25
United Republic of Tanzania,1994,2240,155,6.92,15500.8
United Republic of Tanzania,1993,792,74,9.34,7397.28
United Republic of Tanzania,1992,18526,2173,11.73,217309.98
United Republic of Tanzania,1991,5676,572,10.08,57214.08
United Republic of Tanzania,1990,2230,81,3.63,8094.9
United Republic of Tanzania,1989,2150,232,10.79,23198.5
United Republic of Tanzania,1988,5267,580,11.01,57989.67
United Republic of Tanzania,1987,1892,232,12.26,23195.92
United Republic of Tanzania,1986,1231,215,17.47,21505.57
United Republic of Tanzania,1985,1984,250,12.6,24998.4
United Republic of Tanzania,1984,2600,338,13,33800
United Republic of Tanzania,1983,1816,127,6.99,12693.84
United Republic of Tanzania,1982,4071,324,7.96,32405.16
United Republic of Tanzania,1981,4241,330,7.78,32994.98
United Republic of Tanzania,1980,5196,587,11.3,58714.8
United Republic of Tanzania,1979,2559,305,11.92,30503.28
United Republic of Tanzania,1978,6608,733,11.09,73282.72
United Republic of Tanzania,1977,297,26,8.75,2598.75
United Republic of Tanzania,1974,10,6,60,600
United States of America,2016,14,0,0,0
United States of America,2015,4,0,0,0
United States of America,2014,7,0,0,0
United States of America,2013,14,0,0,0
United States of America,2012,18,0,0,0
United States of America,2011,42,0,0,0
United States of America,2010,15,0,0,0
United States of America,2009,10,0,0,0
United States of America,2008,5,0,0,0
United States of America,2007,7,0,0,0
United States of America,2006,8,0,0,0
United States of America,2005,12,0,0,0
United States of America,2004,5,0,0,0
United States of America,2003,2,0,0,0
United States of America,2002,2,0,0,0
United States of America,2001,4,0,0,0
United States of America,2000,4,0,0,0
United States of America,1999,6,0,0,0
United States of America,1998,17,0,0,0
United States of America,1997,4,0,0,0
United States of America,1996,3,0,0,0
United States of America,1995,19,0,0,0
United States of America,1994,47,0,0,0
United States of America,1993,19,0,0,0
United States of America,1992,103,1,0.97,99.91
United States of America,1991,26,0,0,0
United States of America,1990,7,0,0,0
United States of America,1988,9,0,0,0
United States of America,1987,6,0,0,0
Uzbekistan,1994,1,0,0,0
Venezuela (Bolivarian Republic of),2013,4,0,0,0
Venezuela (Bolivarian Republic of),2011,49,0,0,0
Venezuela (Bolivarian Republic of),2000,141,0,0,0
Venezuela (Bolivarian Republic of),1999,376,8,2.13,800.88
Venezuela (Bolivarian Republic of),1998,313,7,2.24,701.12
Venezuela (Bolivarian Republic of),1997,2551,59,2.31,5892.81
Venezuela (Bolivarian Republic of),1996,269,9,3.35,901.15
Venezuela (Bolivarian Republic of),1993,409,10,2.45,1002.05
Venezuela (Bolivarian Republic of),1992,2842,68,2.39,6792.38
Venezuela (Bolivarian Republic of),1991,15,2,13.33,199.95
Viet Nam,2011,3,0,0,0
Viet Nam,2010,606,0,0,0
Viet Nam,2009,471,1,0.21,98.91
Viet Nam,2008,853,0,0,0
Viet Nam,2007,1946,0,0,0
Viet Nam,2005,0,0,0,0
Viet Nam,1999,169,0,0,0
Viet Nam,1998,13,1,7.69,99.97
Viet Nam,1997,4,0,0,0
Viet Nam,1996,566,2,0.35,198.1
Viet Nam,1995,6088,45,0.74,4505.12
Viet Nam,1994,5776,68,1.18,6815.68
Viet Nam,1993,3361,9,0.27,907.47
Viet Nam,1992,4260,110,2.58,10990.8
Viet Nam,1991,52,1,1.92,99.84
Viet Nam,1990,358,4,1.12,400.96
Viet Nam,1989,143,0,0,0
Viet Nam,1988,343,7,2.04,699.72
Viet Nam,1987,216,5,2.31,498.96
Viet Nam,1986,525,8,1.52,798
Viet Nam,1985,502,9,1.79,898.58
Viet Nam,1984,22,0,0,0
Viet Nam,1983,392,0,0,0
Viet Nam,1982,57,0,0,0
Viet Nam,1981,157,8,5.1,800.7
Viet Nam,1980,978,49,5.01,4899.78
Viet Nam,1979,365,28,7.67,2799.55
Viet Nam,1978,2,0,0,0
Viet Nam,1977,32,0,0,0
Viet Nam,1976,1068,0,0,0
Viet Nam,1975,5,0,0,0
Viet Nam,1974,139,2,1.44,200.16
Viet Nam,1973,1495,18,1.2,1794
Viet Nam,1972,146,1,0.68,99.28
Viet Nam,1971,270,1,0.37,99.9
Viet Nam,1970,82,1,1.22,100.04
Viet Nam,1969,2573,26,1.01,2598.73
Viet Nam,1968,1097,8,0.73,800.81
Viet Nam,1967,7664,71,0.93,7127.52
Viet Nam,1966,8353,167,2,16706
Viet Nam,1965,1738,29,1.67,2902.46
Viet Nam,1964,20186,872,4.32,87203.52
Viet Nam,1954,3,3,100,300
Viet Nam,1953,7,7,100,700
Viet Nam,1952,7,6,85.71,599.97
Viet Nam,1951,26,21,80.77,2100.02
Viet Nam,1950,9,4,44.44,399.96
Yemen,2016,15751,164,1,15751
Yemen,2011,31789,134,0.42,13351.38
Yemen,2010,300,4,1.33,399
Yemen,2009,55,3,5.45,299.75
Yemen,1992,4,0,0,0
Yemen,1980,720,20,2.78,2001.6
Yemen,1979,1953,45,2.3,4491.9
Yemen,1978,414,12,2.9,1200.6
Yemen,1975,1,0,0,0
Yemen,1974,6,1,16.67,100.02
Yemen,1973,215,23,10.7,2300.5
Yemen,1972,1064,140,13.16,14002.24
Yemen,1971,190,26,13.68,2599.2
Zambia,2012,198,2,1.01,199.98
Zambia,2011,330,7,2.12,699.6
Zambia,2010,6794,62,0.91,6182.54
Zambia,2009,4712,80,1.7,8010.4
Zambia,2008,2061,39,1.89,3895.29
Zambia,2007,2286,35,1.53,3497.58
Zambia,2006,5360,183,3.41,18277.6
Zambia,2005,1503,7,0.47,706.41
Zambia,2004,12149,373,3.07,37297.43
Zambia,2003,1049,29,2.76,2895.24
Zambia,2002,339,12,3.54,1200.06
Zambia,2001,3109,165,5.31,16508.79
Zambia,2000,4504,303,6.73,30311.92
Zambia,1999,13511,535,3.96,53503.56
Zambia,1998,171,0,0,0
Zambia,1997,36,0,0,0
Zambia,1996,2172,42,1.93,4191.96
Zambia,1993,6766,426,6.3,42625.8
Zambia,1992,11659,913,7.83,91289.97
Zambia,1991,13154,1091,8.29,109046.66
Zambia,1990,3717,315,8.47,31482.99
Zambia,1989,44,44,100,4400
Zambia,1983,233,19,8.15,1898.95
Zambia,1982,1403,131,9.34,13104.02
Zambia,1981,14,0,0,0
Zambia,1980,57,17,29.82,1699.74
Zambia,1979,12,11,91.67,1100.04
Zambia,1978,263,36,13.69,3600.47
Zimbabwe,2016,10,1,10,100
Zimbabwe,2015,60,0,0,0
Zimbabwe,2012,23,1,4.35,100.05
Zimbabwe,2011,1220,2,0.16,195.2
Zimbabwe,2010,951,21,2.21,2101.71
Zimbabwe,2009,68153,2706,1.38,94051.14
Zimbabwe,2008,60055,2928,4.88,293068.4
Zimbabwe,2007,65,4,6.15,399.75
Zimbabwe,2006,789,61,7.73,6098.97
Zimbabwe,2005,516,26,5.04,2600.64
Zimbabwe,2004,119,9,7.56,899.64
Zimbabwe,2003,1009,35,3.47,3501.23
Zimbabwe,2002,3125,192,6.14,19187.5
Zimbabwe,2001,650,14,2.15,1397.5
Zimbabwe,2000,1675,223,13.31,22294.25
Zimbabwe,1999,5637,385,6.83,38500.71
Zimbabwe,1998,995,44,4.42,4397.9
Zimbabwe,1993,5385,332,6.17,33225.45
Zimbabwe,1992,2048,105,5.13,10506.24
Zimbabwe,1986,2,0,0,0
Zimbabwe,1985,144,6,4.17,600.48
Zimbabwe,1976,144,9,6.25,900
Zimbabwe,1975,615,33,5.37,3302.55
Zimbabwe,1974,37,0,0,0
Zimbabwe,1973,1,0,0,0
